{"CTR": {"metric_avg_results": {"MAE": 0.41158035448429187, "MSE": 0.40634591540499876, "RMSE": 0.5732732097699952, "AUC": 0.9170270307696421, "F1@10": 0.023481395156878117, "F1@100": 0.018256559843296813, "MAP": 0.025339824712869385, "MRR": 0.07689567080453454, "NCRR@10": 0.030168170970332437, "NCRR@100": 0.038908630489255386, "NDCG@10": 0.03451457833444629, "NDCG@100": 0.07922881076179106, "Precision@10": 0.020604318169006736, "Precision@100": 0.01006539263769066, "Recall@10": 0.04322587964456215, "Recall@100": 0.19982574880279275, "Activation@10": 0.2661996493652433, "Activation@100": 0.09139639460313552, "AltVoices_mainstream@10": 0.11488084239499721, "AltVoices_mainstream@100": 0.09069246038099638, "Calibration_category@10": 0.6233160465176699, "Calibration_category@100": 0.5218143236886795, "Calibration_complexity@10": 0.3141349158804792, "Calibration_complexity@100": 0.2675860147110904, "EILD@10": 0.8607981837423015, "EILD@100": 0.6985933782255355, "Fragmentation@10": 0.007040982743239628, "Fragmentation@100": 0.023630811238640147, "GiniCoeff@10": 0.7750909014034535, "GiniCoeff@100": 0.6823203816448543, "ILD@10": 0.8887623629039133, "ILD@100": 0.8241355433813196, "NDCG_score@10": 0.08999535511203391, "NDCG_score@100": 0.16078017892879212, "Representation@10": 0.45009098495201205, "Representation@100": 0.4564832759808137, "Train (s)": 7582.210066795349, "Test (s)": 15643.542869091034}, "user_info": {"Activation@10": 17739, "Activation@100": 17739, "AltVoices_mainstream@10": 17739, "AltVoices_mainstream@100": 17739, "Calibration_category@10": 17670, "Calibration_category@100": 17670, "Calibration_complexity@10": 17634, "Calibration_complexity@100": 17634, "EILD@10": 17739, "EILD@100": 17739, "Fragmentation@10": 17739, "Fragmentation@100": 17739, "GiniCoeff@10": 17739, "GiniCoeff@100": 17739, "ILD@10": 17739, "ILD@100": 17739, "NDCG_score@10": 17739, "NDCG_score@100": 17739, "Representation@10": 17670, "Representation@100": 17739, "total_user_number": 19663}, "model_parameter": {"k": 400, "lambda_u": 1000.0, "lambda_v": 10.0}, "Re-Rank": {"F1@10": 0.009285449293137422, "NCRR@10": 0.010597893298898483, "NDCG@10": 0.012599947510541196, "Precision@10": 0.008557415863351714, "Recall@10": 0.01612700616199254, "Activation@10": 0.2931641256911727, "AltVoices_mainstream@10": 0.07979924951986231, "Calibration_category@10": 0.6358469287336128, "Calibration_complexity@10": 0.4337141696338665, "EILD@10": 0.8505660783235438, "Fragmentation@10": 0.9938545761805809, "GiniCoeff@10": 0.7757610350073816, "ILD@10": 0.8881760840832418, "NDCG_score@10": 0.036553367996980904, "Representation@10": 0.557577498241731, "Re-rank Time (s)": 5400.643727302551, "rerank_parameter": {"rerank": 10, "k": 50, "lambda_constant": 0.8, "diversity_objective": "Fragmentation"}}}}