{"CTR": {"metric_avg_results": {"MAE": 0.41158035448429187, "MSE": 0.40634591540499876, "RMSE": 0.5732732097699952, "AUC": 0.9170270307696421, "F1@10": 0.023481395156878117, "F1@100": 0.018256559843296813, "MAP": 0.025339824712869385, "MRR": 0.07689567080453454, "NCRR@10": 0.030168170970332437, "NCRR@100": 0.038908630489255386, "NDCG@10": 0.03451457833444629, "NDCG@100": 0.07922881076179106, "Precision@10": 0.020604318169006736, "Precision@100": 0.01006539263769066, "Recall@10": 0.04322587964456215, "Recall@100": 0.19982574880279275, "Activation@10": 0.2661996493652433, "Activation@100": 0.09139639460313552, "AltVoices_mainstream@10": 0.11488084239499721, "AltVoices_mainstream@100": 0.09069246038099638, "Calibration_category@10": 0.6233160465176699, "Calibration_category@100": 0.5218143236886795, "Calibration_complexity@10": 0.3141349158804792, "Calibration_complexity@100": 0.2675860147110904, "EILD@10": 0.8607981837423015, "EILD@100": 0.6985933782255355, "Fragmentation@10": 0.006552454717528835, "Fragmentation@100": 0.023565791236680296, "GiniCoeff@10": 0.7750909014034535, "GiniCoeff@100": 0.6823203816448543, "ILD@10": 0.8887623629039133, "ILD@100": 0.8241355433813196, "NDCG_score@10": 0.08999535511203391, "NDCG_score@100": 0.16078017892879212, "Representation@10": 0.45009098495201205, "Representation@100": 0.4564832759808137, "Train (s)": 11113.024907112122, "Test (s)": 12746.537576913834}, "user_info": {"Activation@10": 17739, "Activation@100": 17739, "AltVoices_mainstream@10": 17739, "AltVoices_mainstream@100": 17739, "Calibration_category@10": 17670, "Calibration_category@100": 17670, "Calibration_complexity@10": 17634, "Calibration_complexity@100": 17634, "EILD@10": 17739, "EILD@100": 17739, "Fragmentation@10": 17739, "Fragmentation@100": 17739, "GiniCoeff@10": 17739, "GiniCoeff@100": 17739, "ILD@10": 17739, "ILD@100": 17739, "NDCG_score@10": 17739, "NDCG_score@100": 17739, "Representation@10": 17670, "Representation@100": 17739, "total_user_number": 19663}, "model_parameter": {"k": 400, "lambda_u": 1000.0, "lambda_v": 10.0}, "Re-Rank": {"F1@10": 0.013786550758593221, "NCRR@10": 0.01939868900680462, "NDCG@10": 0.021544036310964312, "Precision@10": 0.012041265009301139, "Recall@10": 0.026279112920102175, "Activation@10": 0.3019756073711847, "AltVoices_mainstream@10": 0.12398321465777866, "Calibration_category@10": 0.9652428347818529, "Calibration_complexity@10": 0.3852682801413489, "EILD@10": 0.719017878426189, "Fragmentation@10": 0.7009559830386263, "GiniCoeff@10": 0.8657196008794283, "ILD@10": 0.7402772297072842, "NDCG_score@10": 0.056166030641846484, "Representation@10": 0.6332122808838823, "Re-rank Time (s)": 4912.8346173763275, "rerank_parameter": {"rerank": 10, "k": 50, "lambda_constant": 0, "diversity_objective": "Calibration_category"}}}}