{"CTR": {"metric_avg_results": {"MAE": 0.4115803544815069, "MSE": 0.40634591539571036, "RMSE": 0.5732732097637402, "AUC": 0.9170270871096574, "F1@10": 0.023481395156878117, "F1@100": 0.018256559843296813, "MAP": 0.025339824742569836, "MRR": 0.07689567080505817, "NCRR@10": 0.030168170970332437, "NCRR@100": 0.038908630489255386, "NDCG@10": 0.03451457833444629, "NDCG@100": 0.07922881076179106, "Precision@10": 0.020604318169006736, "Precision@100": 0.01006539263769066, "Recall@10": 0.04322587964456215, "Recall@100": 0.19982574880279275, "Activation@10": 0.2661996493652433, "Activation@100": 0.09139639460313552, "AltVoices_mainstream@10": 0.11488084239499721, "AltVoices_mainstream@100": 0.09069237900111786, "Calibration_category@10": 0.6233160465176699, "Calibration_category@100": 0.5218145285218275, "Calibration_complexity@10": 0.3141349158804792, "Calibration_complexity@100": 0.2675860147110904, "EILD@10": 0.8607981837423015, "EILD@100": 0.6985933803456906, "Fragmentation@10": 0.006709025780136641, "Fragmentation@100": 0.02322847957353106, "GiniCoeff@10": 0.7750909014034535, "GiniCoeff@100": 0.6823207339758763, "ILD@10": 0.8887623629039133, "ILD@100": 0.8241352017269952, "NDCG_score@10": 0.08999535511203391, "NDCG_score@100": 0.16078017892879212, "Representation@10": 0.45009098495201205, "Representation@100": 0.4564832759808137, "Train (s)": 18528.51801276207, "Test (s)": 9690.177223443985}, "user_info": {"Activation@10": 17739, "Activation@100": 17739, "AltVoices_mainstream@10": 17739, "AltVoices_mainstream@100": 17739, "Calibration_category@10": 17670, "Calibration_category@100": 17670, "Calibration_complexity@10": 17634, "Calibration_complexity@100": 17634, "EILD@10": 17739, "EILD@100": 17739, "Fragmentation@10": 17739, "Fragmentation@100": 17739, "GiniCoeff@10": 17739, "GiniCoeff@100": 17739, "ILD@10": 17739, "ILD@100": 17739, "NDCG_score@10": 17739, "NDCG_score@100": 17739, "Representation@10": 17670, "Representation@100": 17739, "total_user_number": 19663}, "model_parameter": {"k": 400, "lambda_u": 1000.0, "lambda_v": 10.0}, "Re-Rank": {"F1@10": 0.013728258337771727, "NCRR@10": 0.015066425702483082, "NDCG@10": 0.01827349256636275, "Precision@10": 0.012559896273746707, "Recall@10": 0.023660639971970075, "Activation@10": 0.17689759257295565, "AltVoices_mainstream@10": 0.5162514780243602, "Calibration_category@10": 0.6699192589532135, "Calibration_complexity@10": 0.3990741147538442, "EILD@10": 0.8738154434117614, "Fragmentation@10": 0.6775640885955506, "GiniCoeff@10": 0.7741529962227749, "ILD@10": 0.8891745119039198, "NDCG_score@10": 0.05112071153987971, "Representation@10": 0.5082102508569826, "Re-rank Time (s)": 264799.2550210953, "rerank_parameter": {"rerank": 10, "k": 50, "lambda_constant": 0, "diversity_objective": "AltVoices_mainstream"}}}}