{"CTR": {"metric_avg_results": {"MAE": 0.41158035448429187, "MSE": 0.40634591540499876, "RMSE": 0.5732732097699952, "AUC": 0.9170270307696421, "F1@10": 0.023481395156878117, "F1@100": 0.018256559843296813, "MAP": 0.025339824712869385, "MRR": 0.07689567080453454, "NCRR@10": 0.030168170970332437, "NCRR@100": 0.038908630489255386, "NDCG@10": 0.03451457833444629, "NDCG@100": 0.07922881076179106, "Precision@10": 0.020604318169006736, "Precision@100": 0.01006539263769066, "Recall@10": 0.04322587964456215, "Recall@100": 0.19982574880279275, "Activation@10": 0.2661996493652433, "Activation@100": 0.09139639460313552, "AltVoices_mainstream@10": 0.11488084239499721, "AltVoices_mainstream@100": 0.09069246038099638, "Calibration_category@10": 0.6233160465176699, "Calibration_category@100": 0.5218143236886795, "Calibration_complexity@10": 0.3141349158804792, "Calibration_complexity@100": 0.2675860147110904, "EILD@10": 0.8607981837423015, "EILD@100": 0.6985933782255355, "Fragmentation@10": 0.006141719094373866, "Fragmentation@100": 0.023770496101646804, "GiniCoeff@10": 0.7750909014034535, "GiniCoeff@100": 0.6823203816448543, "ILD@10": 0.8887623629039133, "ILD@100": 0.8241355433813196, "NDCG_score@10": 0.08999535511203391, "NDCG_score@100": 0.16078017892879212, "Representation@10": 0.45009098495201205, "Representation@100": 0.4564832759808137, "Train (s)": 11989.891422748566, "Test (s)": 13019.040905714035}, "user_info": {"Activation@10": 17739, "Activation@100": 17739, "AltVoices_mainstream@10": 17739, "AltVoices_mainstream@100": 17739, "Calibration_category@10": 17670, "Calibration_category@100": 17670, "Calibration_complexity@10": 17634, "Calibration_complexity@100": 17634, "EILD@10": 17739, "EILD@100": 17739, "Fragmentation@10": 17739, "Fragmentation@100": 17739, "GiniCoeff@10": 17739, "GiniCoeff@100": 17739, "ILD@10": 17739, "ILD@100": 17739, "NDCG_score@10": 17739, "NDCG_score@100": 17739, "Representation@10": 17670, "Representation@100": 17739, "total_user_number": 19663}, "model_parameter": {"k": 400, "lambda_u": 1000.0, "lambda_v": 10.0}, "Re-Rank": {"F1@10": 0.013699190597843384, "NCRR@10": 0.014239897508317624, "NDCG@10": 0.017506109267367138, "Precision@10": 0.012362590901403268, "Recall@10": 0.023645080120900414, "Activation@10": 0.7724489956285996, "AltVoices_mainstream@10": 0.14571568330811327, "Calibration_category@10": 0.6730944651262964, "Calibration_complexity@10": 0.4127730162912915, "EILD@10": 0.8297910264414162, "Fragmentation@10": 0.7212938158520544, "GiniCoeff@10": 0.8249182592031308, "ILD@10": 0.8444807736879248, "NDCG_score@10": 0.050183361179448625, "Representation@10": 0.752365063964063, "Re-rank Time (s)": 117666.99905014038, "rerank_parameter": {"rerank": 10, "k": 50, "lambda_constant": 0, "diversity_objective": "Activation"}}}}