{"DAE": {"metric_avg_results": {"MAE": 0.6225468652919453, "MSE": 0.6190290792750958, "RMSE": 0.7457629463763741, "AUC": 0.9256032644416755, "F1@10": 0.006452510589330152, "F1@100": 0.011386734085687463, "MAP": 0.013016183145090275, "MRR": 0.020502631336922494, "NCRR@10": 0.004833973497070003, "NCRR@100": 0.012159833828557067, "NDCG@10": 0.008984250042312248, "NDCG@100": 0.0499708941791669, "Precision@10": 0.004115226337448567, "Precision@100": 0.006056711201308395, "Recall@10": 0.020840141100335476, "Recall@100": 0.17493593042638833, "Activation@10": 0.31011498086562056, "Activation@100": 0.08800721715661533, "AltVoices_mainstream@10": 0.10210641666349805, "AltVoices_mainstream@100": 0.0824368674204265, "Calibration_category@10": 0.5500952231624339, "Calibration_category@100": 0.4584816927559381, "Calibration_complexity@10": 0.340073637175225, "Calibration_complexity@100": 0.2389652066607104, "EILD@10": 0.8342200754718753, "EILD@100": 0.7441324474923777, "Fragmentation@10": 0.7930311068317148, "Fragmentation@100": 0.6112628586190142, "GiniCoeff@10": 0.773161536726984, "GiniCoeff@100": 0.6114420204070092, "ILD@10": 0.8462107973015841, "ILD@100": 0.8513855164760065, "NDCG_score@10": 0.014641819428480266, "NDCG_score@100": 0.0922359824123424, "Representation@10": 0.605390757499322, "Representation@100": 0.4525038362234673, "Train (s)": 1808.4818608760834, "Test (s)": 5960.944699287415}, "user_info": {"Activation@10": 17739, "Activation@100": 17739, "AltVoices_mainstream@10": 17739, "AltVoices_mainstream@100": 17739, "Calibration_category@10": 17670, "Calibration_category@100": 17670, "Calibration_complexity@10": 17634, "Calibration_complexity@100": 17634, "EILD@10": 17739, "EILD@100": 17739, "Fragmentation@10": 17739, "Fragmentation@100": 17739, "GiniCoeff@10": 17739, "GiniCoeff@100": 17739, "ILD@10": 17739, "ILD@100": 17739, "NDCG_score@10": 17739, "NDCG_score@100": 17739, "Representation@10": 16616, "Representation@100": 17739, "total_user_number": 19663}, "model_parameter": {"qk_dims": "600"}, "Re-Rank": {"F1@10": 0.00838253317295261, "NCRR@10": 0.008663779935362994, "NDCG@10": 0.011225848285868693, "Precision@10": 0.0065449010654488925, "Recall@10": 0.01753219676756222, "Activation@10": 0.2957720131280742, "AltVoices_mainstream@10": 0.10445678349133833, "Calibration_category@10": 0.5892770717443092, "Calibration_complexity@10": 0.3575736625008292, "EILD@10": 0.8353382935306869, "Fragmentation@10": 0.8131447447344405, "GiniCoeff@10": 0.7733081064321448, "ILD@10": 0.8496182297636496, "NDCG_score@10": 0.027818814133975463, "Representation@10": 0.6060367292446748, "Re-rank Time (s)": 1085.4828479290009, "rerank_parameter": {"rerank": 10, "k": 50, "lambda_constant": 0, "diversity_objective": "ILD"}}}}