{"DAE": {"metric_avg_results": {"MAE": 0.6585113993670939, "MSE": 0.6529713574772019, "RMSE": 0.7742919261150675, "AUC": 0.9245746616105931, "F1@10": 0.00855423061190838, "F1@100": 0.012711096388732258, "MAP": 0.014255522793866597, "MRR": 0.025176295715412064, "NCRR@10": 0.006399636264761002, "NCRR@100": 0.014553432120967325, "NDCG@10": 0.011484836576463413, "NDCG@100": 0.054490444052607244, "Precision@10": 0.005795140650543917, "Precision@100": 0.006827893342353678, "Recall@10": 0.02547492259740939, "Recall@100": 0.1819467124326861, "Activation@10": 0.31024370685212244, "Activation@100": 0.08777613261453591, "AltVoices_mainstream@10": 0.10197064684238732, "AltVoices_mainstream@100": 0.0818505481865702, "Calibration_category@10": 0.5514846709346931, "Calibration_category@100": 0.4637565086938801, "Calibration_complexity@10": 0.3410641302850581, "Calibration_complexity@100": 0.24280042069815935, "EILD@10": 0.8208500131330257, "EILD@100": 0.7291426078535151, "Fragmentation@10": 0.7887366181351884, "Fragmentation@100": 0.6120565494838994, "GiniCoeff@10": 0.7785021703590909, "GiniCoeff@100": 0.6114224308021872, "ILD@10": 0.8384375919975137, "ILD@100": 0.8512319656341433, "NDCG_score@10": 0.02072393608537009, "NDCG_score@100": 0.10528330472033381, "Representation@10": 0.6032906036666918, "Representation@100": 0.45288657249574693, "Train (s)": 3705.5955798625946, "Test (s)": 20226.563433647156}, "user_info": {"Activation@10": 17739, "Activation@100": 17739, "AltVoices_mainstream@10": 17739, "AltVoices_mainstream@100": 17739, "Calibration_category@10": 17670, "Calibration_category@100": 17670, "Calibration_complexity@10": 17634, "Calibration_complexity@100": 17634, "EILD@10": 17739, "EILD@100": 17739, "Fragmentation@10": 17739, "Fragmentation@100": 17739, "GiniCoeff@10": 17739, "GiniCoeff@100": 17739, "ILD@10": 17739, "ILD@100": 17739, "NDCG_score@10": 17739, "NDCG_score@100": 17739, "Representation@10": 16575, "Representation@100": 17739, "total_user_number": 19663}, "model_parameter": {"qk_dims": "200"}, "Re-Rank": {"F1@10": 0.009125023933713408, "NCRR@10": 0.010591383742896887, "NDCG@10": 0.012847870366761337, "Precision@10": 0.007390495518349241, "Recall@10": 0.018195980964098975, "Activation@10": 0.29637236593270166, "AltVoices_mainstream@10": 0.10436794935512302, "Calibration_category@10": 0.5934180446829976, "Calibration_complexity@10": 0.36068574788933583, "EILD@10": 0.8338622991973431, "Fragmentation@10": 0.8100970251764582, "GiniCoeff@10": 0.7728881278538731, "ILD@10": 0.849586911450572, "NDCG_score@10": 0.03307886423285026, "Representation@10": 0.6063888353693275, "Re-rank Time (s)": 13180.434504270554, "rerank_parameter": {"rerank": 10, "k": 50, "lambda_constant": 0, "diversity_objective": "ILD"}}}}