{"DAE": {"metric_avg_results": {"MAE": 0.6554413528180723, "MSE": 0.6476065463403273, "RMSE": 0.7688222359472913, "AUC": 0.9240506209459128, "F1@10": 0.01872312447712677, "F1@100": 0.015056303799671775, "MAP": 0.02534205160327447, "MRR": 0.05972105362437445, "NCRR@10": 0.025006637723736947, "NCRR@100": 0.03294584172215617, "NDCG@10": 0.030846516899697134, "NDCG@100": 0.07194205553762358, "Precision@10": 0.014459665144596116, "Precision@100": 0.00821579570438037, "Recall@10": 0.04587275639933986, "Recall@100": 0.19189716454227482, "Activation@10": 0.32283332775266177, "Activation@100": 0.08287429060415508, "AltVoices_mainstream@10": 0.09615518607242367, "AltVoices_mainstream@100": 0.08083924032006237, "Calibration_category@10": 0.623816653587236, "Calibration_category@100": 0.4987865198727307, "Calibration_complexity@10": 0.37422187196521456, "Calibration_complexity@100": 0.2595548993429978, "EILD@10": 0.8232262653008908, "EILD@100": 0.7308506808665194, "Fragmentation@10": 0.7155796313865537, "Fragmentation@100": 0.5760321571824638, "GiniCoeff@10": 0.7602295788939931, "GiniCoeff@100": 0.6086550115564581, "ILD@10": 0.8552693061740559, "ILD@100": 0.8464275997474067, "NDCG_score@10": 0.06703473148192086, "NDCG_score@100": 0.1403226952497904, "Representation@10": 0.5857081585699276, "Representation@100": 0.45249143895943905, "Train (s)": 375.50782108306885, "Test (s)": 4735.205435037613}, "user_info": {"Activation@10": 17739, "Activation@100": 17739, "AltVoices_mainstream@10": 17739, "AltVoices_mainstream@100": 17739, "Calibration_category@10": 17670, "Calibration_category@100": 17670, "Calibration_complexity@10": 17634, "Calibration_complexity@100": 17634, "EILD@10": 17739, "EILD@100": 17739, "Fragmentation@10": 17739, "Fragmentation@100": 17739, "GiniCoeff@10": 17739, "GiniCoeff@100": 17739, "ILD@10": 17739, "ILD@100": 17739, "NDCG_score@10": 17739, "NDCG_score@100": 17739, "Representation@10": 17063, "Representation@100": 17739, "total_user_number": 19663}, "model_parameter": {"qk_dims": "20"}, "Re-Rank": {"F1@10": 0.009016246786511696, "NCRR@10": 0.009933251297941008, "NDCG@10": 0.01210434309839509, "Precision@10": 0.007971137042674157, "Recall@10": 0.016444216896297662, "Activation@10": 0.29543087629733705, "AltVoices_mainstream@10": 0.10541804932649727, "Calibration_category@10": 0.6110293749480902, "Calibration_complexity@10": 0.3670687494419321, "EILD@10": 0.8202310752279393, "Fragmentation@10": 0.7958520189245755, "GiniCoeff@10": 0.7806013585884054, "ILD@10": 0.8361225422953669, "NDCG_score@10": 0.03371530624085275, "Representation@10": 0.6005914961057529, "Re-rank Time (s)": 60801.86645388603, "rerank_parameter": {"rerank": 10, "k": 50, "lambda_constant": 0, "diversity_objective": "Activation"}}}}