{"DAE": {"metric_avg_results": {"MAE": 0.5903337706861536, "MSE": 0.5900062891784831, "RMSE": 0.7195579142902299, "AUC": 0.9162195343549644, "F1@10": 0.0072707896448233654, "F1@100": 0.010290746467975698, "MAP": 0.013196263300968462, "MRR": 0.021986670151794025, "NCRR@10": 0.006407004809500969, "NCRR@100": 0.012917992737228686, "NDCG@10": 0.01081319960204078, "NDCG@100": 0.0469704101877257, "Precision@10": 0.0047184170471841445, "Precision@100": 0.005487344269688699, "Recall@10": 0.02331788289625651, "Recall@100": 0.1590484336920162, "Activation@10": 0.3099427297635244, "Activation@100": 0.08871306903075528, "AltVoices_mainstream@10": 0.10259861858396906, "AltVoices_mainstream@100": 0.08426185355390434, "Calibration_category@10": 0.5521056399978113, "Calibration_category@100": 0.46404149518498766, "Calibration_complexity@10": 0.34032258346635824, "Calibration_complexity@100": 0.23845950398305685, "EILD@10": 0.8339525446431357, "EILD@100": 0.7488059719919272, "Fragmentation@10": 0.7864155027385329, "Fragmentation@100": 0.6058678869617156, "GiniCoeff@10": 0.7747272957889418, "GiniCoeff@100": 0.6058234680647149, "ILD@10": 0.8462784448578211, "ILD@100": 0.8553218298322399, "NDCG_score@10": 0.016895107019772156, "NDCG_score@100": 0.08915349197607259, "Representation@10": 0.6053636484178728, "Representation@100": 0.45274609366204166, "Train (s)": 155904.01018738747, "Test (s)": 44925.57263016701}, "user_info": {"Activation@10": 17739, "Activation@100": 17739, "AltVoices_mainstream@10": 17739, "AltVoices_mainstream@100": 17739, "Calibration_category@10": 17670, "Calibration_category@100": 17670, "Calibration_complexity@10": 17634, "Calibration_complexity@100": 17634, "EILD@10": 17739, "EILD@100": 17739, "Fragmentation@10": 17739, "Fragmentation@100": 17739, "GiniCoeff@10": 17739, "GiniCoeff@100": 17739, "ILD@10": 17739, "ILD@100": 17739, "NDCG_score@10": 17739, "NDCG_score@100": 17739, "Representation@10": 16512, "Representation@100": 17739, "total_user_number": 19663}, "model_parameter": {"qk_dims": "5000"}, "Re-Rank": {"F1@10": 0.007425756860423633, "NCRR@10": 0.008197091029216607, "NDCG@10": 0.010283905634941179, "Precision@10": 0.005834601725012605, "Recall@10": 0.01549390878184664, "Activation@10": 0.2964317874455875, "AltVoices_mainstream@10": 0.10606918279343201, "Calibration_category@10": 0.5917846068736483, "Calibration_complexity@10": 0.35800053167162205, "EILD@10": 0.8412230426833743, "Fragmentation@10": 0.8133055457944927, "GiniCoeff@10": 0.7694641749816692, "ILD@10": 0.8539965299308879, "NDCG_score@10": 0.02576665580838458, "Representation@10": 0.6059624118481413, "Re-rank Time (s)": 3523.940938234329, "rerank_parameter": {"rerank": 10, "k": 50, "lambda_constant": 0, "diversity_objective": "ILD"}}}}