{"DAE": {"metric_avg_results": {"MAE": 0.6099678187714384, "MSE": 0.6076239018661963, "RMSE": 0.7358354175681304, "AUC": 0.9235620206743382, "F1@10": 0.006444482190981325, "F1@100": 0.010755157039953356, "MAP": 0.012798227264257108, "MRR": 0.020401270821461023, "NCRR@10": 0.005098838950445463, "NCRR@100": 0.011995047783855283, "NDCG@10": 0.009197935329810657, "NDCG@100": 0.048110060000896744, "Precision@10": 0.004103951744743229, "Precision@100": 0.005712836123795512, "Recall@10": 0.02094929731045567, "Recall@100": 0.1683361008888983, "Activation@10": 0.30995438014009113, "Activation@100": 0.08825368285082084, "AltVoices_mainstream@10": 0.10094190476315652, "AltVoices_mainstream@100": 0.08276831346565065, "Calibration_category@10": 0.5517539663460282, "Calibration_category@100": 0.4563692962855491, "Calibration_complexity@10": 0.34132426484429446, "Calibration_complexity@100": 0.23704493516683067, "EILD@10": 0.8362545097267872, "EILD@100": 0.7488968765266946, "Fragmentation@10": 0.7896916905846728, "Fragmentation@100": 0.6142562880236038, "GiniCoeff@10": 0.7712046902305698, "GiniCoeff@100": 0.6104650064828925, "ILD@10": 0.8478631514991762, "ILD@100": 0.852005801290441, "NDCG_score@10": 0.014861007324337212, "NDCG_score@100": 0.0883881681349383, "Representation@10": 0.6088802741549076, "Representation@100": 0.45211706422085207, "Train (s)": 2722.988665819168, "Test (s)": 6860.053740978241}, "user_info": {"Activation@10": 17739, "Activation@100": 17739, "AltVoices_mainstream@10": 17739, "AltVoices_mainstream@100": 17739, "Calibration_category@10": 17670, "Calibration_category@100": 17670, "Calibration_complexity@10": 17634, "Calibration_complexity@100": 17634, "EILD@10": 17739, "EILD@100": 17739, "Fragmentation@10": 17739, "Fragmentation@100": 17739, "GiniCoeff@10": 17739, "GiniCoeff@100": 17739, "ILD@10": 17739, "ILD@100": 17739, "NDCG_score@10": 17739, "NDCG_score@100": 17739, "Representation@10": 16562, "Representation@100": 17739, "total_user_number": 19663}, "model_parameter": {"qk_dims": "1000"}, "Re-Rank": {"F1@10": 0.0076485845357470985, "NCRR@10": 0.008174624667986682, "NDCG@10": 0.010447153462314325, "Precision@10": 0.0058853373921866235, "Recall@10": 0.01610736790690756, "Activation@10": 0.29759683349547233, "AltVoices_mainstream@10": 0.10495551548295777, "Calibration_category@10": 0.5877607460756966, "Calibration_complexity@10": 0.35596407371962946, "EILD@10": 0.8367823605869147, "Fragmentation@10": 0.8129251721102051, "GiniCoeff@10": 0.7735202097074098, "ILD@10": 0.849420298025045, "NDCG_score@10": 0.025550862787893494, "Representation@10": 0.6038994656895252, "Re-rank Time (s)": 1186.7479972839355, "rerank_parameter": {"rerank": 10, "k": 50, "lambda_constant": 0, "diversity_objective": "ILD"}}}}