{"HFT": {"metric_avg_results": {"MAE": 0.08748704569921437, "MSE": 0.042651237457449816, "RMSE": 0.15375605033913348, "AUC": 0.7824312698139757, "F1@10": 0.006096673488985767, "F1@100": 0.0023104480203042753, "MAP": 0.009749059777883954, "MRR": 0.03909999118853371, "NCRR@10": 0.016189131463677384, "NCRR@100": 0.016182413637291254, "NDCG@10": 0.01399755914573969, "NDCG@100": 0.0166256141630002, "Precision@10": 0.005434353683973105, "Precision@100": 0.001288122216584961, "Recall@10": 0.010949749667537272, "Recall@100": 0.022801177786174773, "Activation@10": 0.31707397653687874, "Activation@100": 0.12667338669801456, "AltVoices_mainstream@10": 0.060961336552352155, "AltVoices_mainstream@100": 0.04159646169595686, "Calibration_category@10": 0.711110460178501, "Calibration_category@100": 0.5912514454647898, "Calibration_complexity@10": 0.3407368860633668, "Calibration_complexity@100": 0.29286961321659427, "EILD@10": 0.9347791612636677, "EILD@100": 0.8898337028183181, "Fragmentation@10": 0.31443724098021764, "Fragmentation@100": 0.3047593924802135, "GiniCoeff@10": 0.6550221263882786, "GiniCoeff@100": 0.5096394244320439, "ILD@10": 0.9478625251329962, "ILD@100": 0.9054432822503208, "NDCG_score@10": 0.04021647147096795, "NDCG_score@100": 0.050645291059344774, "Representation@10": 0.6605724214217856, "Representation@100": 0.531813133629206, "Train (s)": 5466.894593954086, "Test (s)": 8268.912469863892}, "user_info": {"Activation@10": 17739, "Activation@100": 17739, "AltVoices_mainstream@10": 17739, "AltVoices_mainstream@100": 17739, "Calibration_category@10": 17670, "Calibration_category@100": 17670, "Calibration_complexity@10": 17634, "Calibration_complexity@100": 17634, "EILD@10": 17739, "EILD@100": 17739, "Fragmentation@10": 17739, "Fragmentation@100": 17739, "GiniCoeff@10": 17739, "GiniCoeff@100": 17739, "ILD@10": 17739, "ILD@100": 17739, "NDCG_score@10": 17739, "NDCG_score@100": 17739, "Representation@10": 17739, "Representation@100": 17739, "total_user_number": 19663}, "model_parameter": {"k": 100}, "Re-Rank": {"F1@10": 0.003274061038340147, "NCRR@10": 0.005887499503063745, "NDCG@10": 0.005868792150317668, "Precision@10": 0.0029483059924460494, "Recall@10": 0.0057800074838332775, "Activation@10": 0.30911471889698416, "AltVoices_mainstream@10": 0.03548305748471574, "Calibration_category@10": 0.698769399197986, "Calibration_complexity@10": 0.4059174281982904, "EILD@10": 0.8982102741889173, "Fragmentation@10": 0.4653371830323598, "GiniCoeff@10": 0.7053039912059037, "ILD@10": 0.9195795829652117, "NDCG_score@10": 0.017465388691310056, "Representation@10": 0.9915004323163678, "Re-rank Time (s)": 97434.75212025642, "rerank_parameter": {"rerank": 10, "k": 50, "lambda_constant": 0, "diversity_objective": "Representation"}}}}