{"HFT": {"metric_avg_results": {"MAE": 0.08773678984175483, "MSE": 0.04253840683161594, "RMSE": 0.15360829902214312, "AUC": 0.7789774743441236, "F1@10": 0.0031802456639117662, "F1@100": 0.0021111684585692074, "MAP": 0.005468854716667184, "MRR": 0.019727735414472123, "NCRR@10": 0.007403521864505621, "NCRR@100": 0.007813389265075426, "NDCG@10": 0.0067047316585754435, "NDCG@100": 0.010487071970797601, "Precision@10": 0.0028524719544506705, "Precision@100": 0.0011804498562489653, "Recall@10": 0.005709324930773404, "Recall@100": 0.02028631584267781, "Activation@10": 0.31634906360468507, "Activation@100": 0.10349088149411344, "AltVoices_mainstream@10": 0.021442058886834696, "AltVoices_mainstream@100": 0.04572883379555427, "Calibration_category@10": 0.7180522871176185, "Calibration_category@100": 0.589265481806337, "Calibration_complexity@10": 0.38214474278449523, "Calibration_complexity@100": 0.28224474670438826, "EILD@10": 0.9192470069937946, "EILD@100": 0.8834061060543066, "Fragmentation@10": 0.33813490006081587, "Fragmentation@100": 0.32442901415074055, "GiniCoeff@10": 0.7077216866791448, "GiniCoeff@100": 0.5036262613450623, "ILD@10": 0.925944716913545, "ILD@100": 0.9078274144568711, "NDCG_score@10": 0.01946811981486358, "NDCG_score@100": 0.032578237933590604, "Representation@10": 0.6772975254373356, "Representation@100": 0.5118429054473196, "Train (s)": 31473.043332338333, "Test (s)": 46725.9857814312}, "user_info": {"Activation@10": 17739, "Activation@100": 17739, "AltVoices_mainstream@10": 17739, "AltVoices_mainstream@100": 17739, "Calibration_category@10": 17670, "Calibration_category@100": 17670, "Calibration_complexity@10": 17634, "Calibration_complexity@100": 17634, "EILD@10": 17739, "EILD@100": 17739, "Fragmentation@10": 17739, "Fragmentation@100": 17739, "GiniCoeff@10": 17739, "GiniCoeff@100": 17739, "ILD@10": 17739, "ILD@100": 17739, "NDCG_score@10": 17739, "NDCG_score@100": 17739, "Representation@10": 17739, "Representation@100": 17739, "total_user_number": 19663}, "model_parameter": {"k": 100}, "Re-Rank": {"F1@10": 0.00048261860639886865, "NCRR@10": 0.0005533322723185181, "NDCG@10": 0.0006338505420232892, "Precision@10": 0.0005242685607982402, "Recall@10": 0.0006699479659064192, "Activation@10": 0.2747242296925765, "AltVoices_mainstream@10": 0.06761805977269077, "Calibration_category@10": 0.634728828687464, "Calibration_complexity@10": 0.3267747455021495, "EILD@10": 0.8599561127419705, "Fragmentation@10": 0.9942797605617603, "GiniCoeff@10": 0.7875556683014571, "ILD@10": 0.8646685582927758, "NDCG_score@10": 0.002293021671861003, "Representation@10": 0.4981221190487722, "Re-rank Time (s)": 7859.451545476913, "rerank_parameter": {"rerank": 10, "k": 50, "lambda_constant": 0, "diversity_objective": "Fragmentation"}}}}