{"HFT": {"metric_avg_results": {"MAE": 0.08660492226983828, "MSE": 0.0425788418814158, "RMSE": 0.1531173643023783, "AUC": 0.7812147919672059, "F1@10": 0.006041015280561676, "F1@100": 0.002245576603447753, "MAP": 0.00975136008477547, "MRR": 0.039259038204810484, "NCRR@10": 0.016332060682145454, "NCRR@100": 0.016264813018409634, "NDCG@10": 0.014053865797703582, "NDCG@100": 0.016417399018037866, "Precision@10": 0.005372343424093746, "Precision@100": 0.0012542984384689422, "Recall@10": 0.010884055680660741, "Recall@100": 0.021730373880802838, "Activation@10": 0.31188997258490386, "Activation@100": 0.10973466830424036, "AltVoices_mainstream@10": 0.06289488531529805, "AltVoices_mainstream@100": 0.04626313214784638, "Calibration_category@10": 0.728956061055672, "Calibration_category@100": 0.5896270106449386, "Calibration_complexity@10": 0.32369794788445955, "Calibration_complexity@100": 0.28338155900204204, "EILD@10": 0.9334393921240814, "EILD@100": 0.8936061339072753, "Fragmentation@10": 0.3330801085687338, "Fragmentation@100": 0.3233300159769708, "GiniCoeff@10": 0.670624753368396, "GiniCoeff@100": 0.5027050566548309, "ILD@10": 0.9418268598379979, "ILD@100": 0.9077938070598331, "NDCG_score@10": 0.04030691401542471, "NDCG_score@100": 0.05017512851972081, "Representation@10": 0.667662587640701, "Representation@100": 0.5133142857320755, "Train (s)": 32187.556868314743, "Test (s)": 23267.28703045845}, "user_info": {"Activation@10": 17739, "Activation@100": 17739, "AltVoices_mainstream@10": 17739, "AltVoices_mainstream@100": 17739, "Calibration_category@10": 17670, "Calibration_category@100": 17670, "Calibration_complexity@10": 17634, "Calibration_complexity@100": 17634, "EILD@10": 17739, "EILD@100": 17739, "Fragmentation@10": 17739, "Fragmentation@100": 17739, "GiniCoeff@10": 17739, "GiniCoeff@100": 17739, "ILD@10": 17739, "ILD@100": 17739, "NDCG_score@10": 17739, "NDCG_score@100": 17739, "Representation@10": 17739, "Representation@100": 17739, "total_user_number": 19663}, "model_parameter": {"k": 100}, "Re-Rank": {"F1@10": 0.0006221136979004104, "NCRR@10": 0.00066948042512208, "NDCG@10": 0.0007936129649307147, "Precision@10": 0.0006257398951462866, "Recall@10": 0.0008902657491355108, "Activation@10": 0.7652587100599648, "AltVoices_mainstream@10": 0.06545167766620397, "Calibration_category@10": 0.6550717923126181, "Calibration_complexity@10": 0.35969113181510126, "EILD@10": 0.9022084468408681, "Fragmentation@10": 0.744904695388851, "GiniCoeff@10": 0.7213125035233947, "ILD@10": 0.9161370739924508, "NDCG_score@10": 0.002613962910208531, "Representation@10": 0.8064494901302219, "Re-rank Time (s)": 313708.63610720634, "rerank_parameter": {"rerank": 10, "k": 50, "lambda_constant": 0, "diversity_objective": "Activation"}}}}