{"HFT": {"metric_avg_results": {"MAE": 0.08770276830278227, "MSE": 0.04255895940934386, "RMSE": 0.15366953630145852, "AUC": 0.7795986425833397, "F1@10": 0.0031782574818506617, "F1@100": 0.002233432783552143, "MAP": 0.007102014690816521, "MRR": 0.027779885655291946, "NCRR@10": 0.010753168425148014, "NCRR@100": 0.011204391181530418, "NDCG@10": 0.00862595484838233, "NDCG@100": 0.012832725241051567, "Precision@10": 0.0028581092508033396, "Precision@100": 0.0012475336828457382, "Recall@10": 0.005700665039530341, "Recall@100": 0.021571225622501175, "Activation@10": 0.3133770567642218, "Activation@100": 0.10897255182821024, "AltVoices_mainstream@10": 0.019757813574092696, "AltVoices_mainstream@100": 0.04610690167733941, "Calibration_category@10": 0.7163810310054901, "Calibration_category@100": 0.5895560703027476, "Calibration_complexity@10": 0.382991414761173, "Calibration_complexity@100": 0.2832628259883181, "EILD@10": 0.9203492622775983, "EILD@100": 0.8816494992899706, "Fragmentation@10": 0.34710154796483633, "Fragmentation@100": 0.3227255513049776, "GiniCoeff@10": 0.7043216923164495, "GiniCoeff@100": 0.5025488330796575, "ILD@10": 0.9273440191415547, "ILD@100": 0.9078412856224501, "NDCG_score@10": 0.02522559696688144, "NDCG_score@100": 0.03951351775393786, "Representation@10": 0.6764606974250561, "Representation@100": 0.5130380162938952, "Train (s)": 30852.883944034576, "Test (s)": 22422.366554021835}, "user_info": {"Activation@10": 17739, "Activation@100": 17739, "AltVoices_mainstream@10": 17739, "AltVoices_mainstream@100": 17739, "Calibration_category@10": 17670, "Calibration_category@100": 17670, "Calibration_complexity@10": 17634, "Calibration_complexity@100": 17634, "EILD@10": 17739, "EILD@100": 17739, "Fragmentation@10": 17739, "Fragmentation@100": 17739, "GiniCoeff@10": 17739, "GiniCoeff@100": 17739, "ILD@10": 17739, "ILD@100": 17739, "NDCG_score@10": 17739, "NDCG_score@100": 17739, "Representation@10": 17739, "Representation@100": 17739, "total_user_number": 19663}, "model_parameter": {"k": 100}, "Re-Rank": {"F1@10": 0.0015236473390816587, "NCRR@10": 0.0029538725353097056, "NDCG@10": 0.0029262479967198437, "Precision@10": 0.0012909408647612634, "Recall@10": 0.0029687964119202146, "Activation@10": 0.30320642473573417, "AltVoices_mainstream@10": 0.09822445116168348, "Calibration_category@10": 0.9859733891567976, "Calibration_complexity@10": 0.3712666068656252, "EILD@10": 0.7777758607304565, "Fragmentation@10": 0.5818736276453274, "GiniCoeff@10": 0.8376148599131319, "ILD@10": 0.7927704806108258, "NDCG_score@10": 0.007548277829402486, "Representation@10": 0.6827060477937549, "Re-rank Time (s)": 6732.397570848465, "rerank_parameter": {"rerank": 10, "k": 50, "lambda_constant": 0, "diversity_objective": "Calibration_category"}}}}