{"HFT": {"metric_avg_results": {"MAE": 0.08698287499555248, "MSE": 0.0424686290016157, "RMSE": 0.15264072469151874, "AUC": 0.7762031826465735, "F1@10": 0.0005375095550540458, "F1@100": 0.0012075448585695365, "MAP": 0.0020106174249924645, "MRR": 0.004500563056519456, "NCRR@10": 0.0006840343811001999, "NCRR@100": 0.0011430224826961472, "NDCG@10": 0.000763590754711711, "NDCG@100": 0.0034832622692087954, "Precision@10": 0.000563729635266925, "Precision@100": 0.0006843677772140369, "Recall@10": 0.000838566522759763, "Recall@100": 0.010037400844095845, "Activation@10": 0.33377044935999745, "Activation@100": 0.09151503995014132, "AltVoices_mainstream@10": 0.07227491599357264, "AltVoices_mainstream@100": 0.0556152588790222, "Calibration_category@10": 0.6797942354015516, "Calibration_category@100": 0.5816020583352213, "Calibration_complexity@10": 0.3866350120230068, "Calibration_complexity@100": 0.2811610312939243, "EILD@10": 0.9288510490505266, "EILD@100": 0.9023998747147024, "Fragmentation@10": 0.30316451213122236, "Fragmentation@100": 0.33078283432086203, "GiniCoeff@10": 0.6894991262191805, "GiniCoeff@100": 0.5162292124696998, "ILD@10": 0.9352951124638892, "ILD@100": 0.9059035703446332, "NDCG_score@10": 0.002558524850311849, "NDCG_score@100": 0.012855147090727303, "Representation@10": 0.5663183601982964, "Representation@100": 0.5061188959922835, "Train (s)": 16284.983138561249, "Test (s)": 10227.914319992065}, "user_info": {"Activation@10": 17739, "Activation@100": 17739, "AltVoices_mainstream@10": 17739, "AltVoices_mainstream@100": 17739, "Calibration_category@10": 17670, "Calibration_category@100": 17670, "Calibration_complexity@10": 17634, "Calibration_complexity@100": 17634, "EILD@10": 17739, "EILD@100": 17739, "Fragmentation@10": 17739, "Fragmentation@100": 17739, "GiniCoeff@10": 17739, "GiniCoeff@100": 17739, "ILD@10": 17739, "ILD@100": 17739, "NDCG_score@10": 17739, "NDCG_score@100": 17739, "Representation@10": 17739, "Representation@100": 17739, "total_user_number": 19663}, "model_parameter": {"k": 100}, "Re-Rank": {"F1@10": 0.0005389339340570909, "NCRR@10": 0.0007822350593505337, "NDCG@10": 0.0008099922636934151, "Precision@10": 0.000563729635266925, "Recall@10": 0.0008185888424516993, "Activation@10": 0.3270601167302574, "AltVoices_mainstream@10": 0.08722956208544716, "Calibration_category@10": 0.7005622220533583, "Calibration_complexity@10": 0.38332727177391973, "EILD@10": 0.9268076882322411, "Fragmentation@10": 0.13448026446322248, "GiniCoeff@10": 0.7116572241953445, "ILD@10": 0.923975421387665, "NDCG_score@10": 0.0027547360521684924, "Representation@10": 0.5250572810396752, "Re-rank Time (s)": 3477.5652997493744, "rerank_parameter": {"rerank": 10, "k": 50, "lambda_constant": 0.5, "diversity_objective": "Fragmentation"}}}}