{"HFT": {"metric_avg_results": {"MAE": 0.08736965256131043, "MSE": 0.042594835188232774, "RMSE": 0.15315772044954928, "AUC": 0.7791682072985141, "F1@10": 0.0008973784013452454, "F1@100": 0.001776292786952052, "MAP": 0.0025380118963324945, "MRR": 0.006358985492808231, "NCRR@10": 0.0009424920140467545, "NCRR@100": 0.0019701205550736746, "NDCG@10": 0.0011589256313986325, "NDCG@100": 0.005824692324620077, "Precision@10": 0.0008681436383110639, "Precision@100": 0.0009972377247871901, "Recall@10": 0.0015274862912808677, "Recall@100": 0.016406270545533348, "Activation@10": 0.3169550605137076, "Activation@100": 0.10607521750876078, "AltVoices_mainstream@10": 0.022564494215677793, "AltVoices_mainstream@100": 0.040708593256637365, "Calibration_category@10": 0.7070137589932747, "Calibration_category@100": 0.589759644605529, "Calibration_complexity@10": 0.37846925281017596, "Calibration_complexity@100": 0.2866844000188872, "EILD@10": 0.9295818902139749, "EILD@100": 0.8892945469641762, "Fragmentation@10": 0.3684554223975988, "Fragmentation@100": 0.3263488726331069, "GiniCoeff@10": 0.688519645977899, "GiniCoeff@100": 0.5102027312700836, "ILD@10": 0.9353665182177227, "ILD@100": 0.9065577244910965, "NDCG_score@10": 0.0036560411149632534, "NDCG_score@100": 0.019513000635227075, "Representation@10": 0.6797362644306996, "Representation@100": 0.5187853719409391, "Train (s)": 19595.54249382019, "Test (s)": 39382.921899318695}, "user_info": {"Activation@10": 17739, "Activation@100": 17739, "AltVoices_mainstream@10": 17739, "AltVoices_mainstream@100": 17739, "Calibration_category@10": 17670, "Calibration_category@100": 17670, "Calibration_complexity@10": 17634, "Calibration_complexity@100": 17634, "EILD@10": 17739, "EILD@100": 17739, "Fragmentation@10": 17739, "Fragmentation@100": 17739, "GiniCoeff@10": 17739, "GiniCoeff@100": 17739, "ILD@10": 17739, "ILD@100": 17739, "NDCG_score@10": 17739, "NDCG_score@100": 17739, "Representation@10": 17739, "Representation@100": 17739, "total_user_number": 19663}, "model_parameter": {"k": 100}, "Re-Rank": {"F1@10": 9.957267437948983e-05, "NCRR@10": 0.0003919279039008771, "NDCG@10": 0.0002889453972593003, "Precision@10": 0.00010710863070071596, "Recall@10": 0.000140847693381885, "Activation@10": 0.32211073549190283, "AltVoices_mainstream@10": 0.06424683096612789, "Calibration_category@10": 0.6432459471538835, "Calibration_complexity@10": 0.3840522336601314, "EILD@10": 0.9997607284820847, "Fragmentation@10": 0.4620165299576086, "GiniCoeff@10": 0.4376902587519028, "ILD@10": 0.9999624180243161, "NDCG_score@10": 0.0009019674164270816, "Representation@10": 0.6966706125085165, "Re-rank Time (s)": 26101.715978860855, "rerank_parameter": {"rerank": 10, "k": 50, "lambda_constant": 0, "diversity_objective": "EILD"}}}}