{"HFT": {"metric_avg_results": {"MAE": 0.08839138564195606, "MSE": 0.042568004014474886, "RMSE": 0.15419917817079054, "AUC": 0.780706662889059, "F1@10": 0.0006431976231300771, "F1@100": 0.0017435709568988816, "MAP": 0.002387950158709721, "MRR": 0.005509037828814682, "NCRR@10": 0.0008408258804394853, "NCRR@100": 0.0015455055612953184, "NDCG@10": 0.00092173490164249, "NDCG@100": 0.005262924937871598, "Precision@10": 0.0006764755623203097, "Precision@100": 0.0009775071875528453, "Recall@10": 0.000960484641252944, "Recall@100": 0.016350531721704423, "Activation@10": 0.30298407230388585, "Activation@100": 0.12198762748367069, "AltVoices_mainstream@10": 0.022960777284454083, "AltVoices_mainstream@100": 0.03769838414197916, "Calibration_category@10": 0.700750937231779, "Calibration_category@100": 0.5906798625901174, "Calibration_complexity@10": 0.3797887923156662, "Calibration_complexity@100": 0.29477035840925003, "EILD@10": 0.9258994073256611, "EILD@100": 0.8869326152123339, "Fragmentation@10": 0.3285616711845761, "Fragmentation@100": 0.31396046541267947, "GiniCoeff@10": 0.6835679857941298, "GiniCoeff@100": 0.5150184621455537, "ILD@10": 0.9374711088560841, "ILD@100": 0.9049162121240638, "NDCG_score@10": 0.0031091053273443535, "NDCG_score@100": 0.01784861495261864, "Representation@10": 0.656243636031044, "Representation@100": 0.5317604557551597, "Train (s)": 5760.173655748367, "Test (s)": 8673.798629760742}, "user_info": {"Activation@10": 17739, "Activation@100": 17739, "AltVoices_mainstream@10": 17739, "AltVoices_mainstream@100": 17739, "Calibration_category@10": 17670, "Calibration_category@100": 17670, "Calibration_complexity@10": 17634, "Calibration_complexity@100": 17634, "EILD@10": 17739, "EILD@100": 17739, "Fragmentation@10": 17739, "Fragmentation@100": 17739, "GiniCoeff@10": 17739, "GiniCoeff@100": 17739, "ILD@10": 17739, "ILD@100": 17739, "NDCG_score@10": 17739, "NDCG_score@100": 17739, "Representation@10": 17739, "Representation@100": 17739, "total_user_number": 19663}, "model_parameter": {"k": 100}, "Re-Rank": {"F1@10": 0.0006361510026892406, "NCRR@10": 0.0008385249431526816, "NDCG@10": 0.0009168038618938341, "Precision@10": 0.0006708382659676406, "Recall@10": 0.0009510891473318285, "Activation@10": 0.30251368867395717, "AltVoices_mainstream@10": 0.023130418016295326, "Calibration_category@10": 0.701162228479129, "Calibration_complexity@10": 0.3794113467976441, "EILD@10": 0.9256675611063566, "Fragmentation@10": 0.33908965994210316, "GiniCoeff@10": 0.6844579739558068, "ILD@10": 0.9370927836341851, "NDCG_score@10": 0.0030928098864334854, "Representation@10": 0.6555309010194148, "Re-rank Time (s)": 2605.4113545417786, "rerank_parameter": {"rerank": 10, "k": 50, "lambda_constant": 1.0, "diversity_objective": "Fragmentation"}}}}