{"HFT": {"metric_avg_results": {"MAE": 0.08682681697533756, "MSE": 0.04254043496278723, "RMSE": 0.15271476348757387, "AUC": 0.777999870181294, "F1@10": 0.006022447480256033, "F1@100": 0.0021196108053726966, "MAP": 0.00852034374139816, "MRR": 0.03428070556086748, "NCRR@10": 0.014174581117198078, "NCRR@100": 0.014132467904274386, "NDCG@10": 0.012699327331486716, "NDCG@100": 0.014785838309892383, "Precision@10": 0.005338519645977732, "Precision@100": 0.001183832234060568, "Recall@10": 0.0108410806333037, "Recall@100": 0.020352496819704212, "Activation@10": 0.3173154943078579, "Activation@100": 0.09370695269352954, "AltVoices_mainstream@10": 0.09222925410908317, "AltVoices_mainstream@100": 0.05571673456496138, "Calibration_category@10": 0.7199977076109103, "Calibration_category@100": 0.5847142869073682, "Calibration_complexity@10": 0.3237581656437464, "Calibration_complexity@100": 0.2784065537531595, "EILD@10": 0.9296128030098444, "EILD@100": 0.8972381206956099, "Fragmentation@10": 0.283370289924928, "Fragmentation@100": 0.3256575067540331, "GiniCoeff@10": 0.6795084277581775, "GiniCoeff@100": 0.5086356333502484, "ILD@10": 0.9394654590323837, "ILD@100": 0.9070661858451454, "NDCG_score@10": 0.03641578117368615, "NDCG_score@100": 0.045524738759575085, "Representation@10": 0.6203692983961391, "Representation@100": 0.5029934125131313, "Train (s)": 5385.853014230728, "Test (s)": 7854.153666257858}, "user_info": {"Activation@10": 17739, "Activation@100": 17739, "AltVoices_mainstream@10": 17739, "AltVoices_mainstream@100": 17739, "Calibration_category@10": 17670, "Calibration_category@100": 17670, "Calibration_complexity@10": 17634, "Calibration_complexity@100": 17634, "EILD@10": 17739, "EILD@100": 17739, "Fragmentation@10": 17739, "Fragmentation@100": 17739, "GiniCoeff@10": 17739, "GiniCoeff@100": 17739, "ILD@10": 17739, "ILD@100": 17739, "NDCG_score@10": 17739, "NDCG_score@100": 17739, "Representation@10": 17739, "Representation@100": 17739, "total_user_number": 19663}, "model_parameter": {"k": 100}, "Re-Rank": {"F1@10": 0.006082622858556703, "NCRR@10": 0.008557836625137068, "NDCG@10": 0.009448203016258318, "Precision@10": 0.00540616720220976, "Recall@10": 0.010879003333153583, "Activation@10": 0.3141344555698409, "AltVoices_mainstream@10": 0.10457384879661867, "Calibration_category@10": 0.7439919634600891, "Calibration_complexity@10": 0.3311404893779215, "EILD@10": 0.9276297912882485, "Fragmentation@10": 0.14364701117463188, "GiniCoeff@10": 0.6948623090366896, "ILD@10": 0.9330113810747678, "NDCG_score@10": 0.02731040916912067, "Representation@10": 0.6044963212681, "Re-rank Time (s)": 2526.8352558612823, "rerank_parameter": {"rerank": 10, "k": 50, "lambda_constant": 0.8, "diversity_objective": "Fragmentation"}}}}