{"HFT": {"metric_avg_results": {"MAE": 0.0872726980570483, "MSE": 0.042611070296802285, "RMSE": 0.15306611417823798, "AUC": 0.7792785318559582, "F1@10": 0.0018064242116445702, "F1@100": 0.0017794056801363957, "MAP": 0.002721093136124868, "MRR": 0.0072222501702609845, "NCRR@10": 0.0014506183568353964, "NCRR@100": 0.0023287018786729316, "NDCG@10": 0.0020628980985386803, "NDCG@100": 0.00614279570278793, "Precision@10": 0.0016630024240374402, "Precision@100": 0.000998928913692991, "Recall@10": 0.003142365866029331, "Recall@100": 0.01642968223351135, "Activation@10": 0.3154214166797711, "Activation@100": 0.1067316259709683, "AltVoices_mainstream@10": 0.021408237201934043, "AltVoices_mainstream@100": 0.040655670019384915, "Calibration_category@10": 0.7109025543876609, "Calibration_category@100": 0.5898149379260542, "Calibration_complexity@10": 0.380636439108707, "Calibration_complexity@100": 0.28694180848941286, "EILD@10": 0.9253275373565791, "EILD@100": 0.8883349326624436, "Fragmentation@10": 0.3871937655290743, "Fragmentation@100": 0.3260859731824792, "GiniCoeff@10": 0.6948756976155246, "GiniCoeff@100": 0.5102999041659607, "ILD@10": 0.9321707975519988, "ILD@100": 0.9065164982026174, "NDCG_score@10": 0.006310990768512205, "NDCG_score@100": 0.02045727898751684, "Representation@10": 0.6788964594978742, "Representation@100": 0.5190577844279114, "Train (s)": 9378.439588069916, "Test (s)": 8415.907178163528}, "user_info": {"Activation@10": 17739, "Activation@100": 17739, "AltVoices_mainstream@10": 17739, "AltVoices_mainstream@100": 17739, "Calibration_category@10": 17670, "Calibration_category@100": 17670, "Calibration_complexity@10": 17634, "Calibration_complexity@100": 17634, "EILD@10": 17739, "EILD@100": 17739, "Fragmentation@10": 17739, "Fragmentation@100": 17739, "GiniCoeff@10": 17739, "GiniCoeff@100": 17739, "ILD@10": 17739, "ILD@100": 17739, "NDCG_score@10": 17739, "NDCG_score@100": 17739, "Representation@10": 17739, "Representation@100": 17739, "total_user_number": 19663}, "model_parameter": {"k": 100}, "Re-Rank": {"F1@10": 0.0008293222543062102, "NCRR@10": 0.000913247251436963, "NDCG@10": 0.0010614887841603584, "Precision@10": 0.000845594452900387, "Recall@10": 0.0011745597616735395, "Activation@10": 0.3123355878337843, "AltVoices_mainstream@10": 0.10149572671248161, "Calibration_category@10": 0.6951720937298614, "Calibration_complexity@10": 0.4001563552618169, "EILD@10": 0.9100750751363347, "Fragmentation@10": 0.7718002299522079, "GiniCoeff@10": 0.712801595354901, "ILD@10": 0.9117274555122814, "NDCG_score@10": 0.0036853508266929155, "Representation@10": 0.7431660754431076, "Re-rank Time (s)": 3582.0187368392944, "rerank_parameter": {"rerank": 10, "k": 50, "lambda_constant": 0, "diversity_objective": "Calibration_complexity"}}}}