{"HFT": {"metric_avg_results": {"MAE": 0.08726530735685395, "MSE": 0.04261093272341647, "RMSE": 0.15306400181032748, "AUC": 0.7792827677442494, "F1@10": 0.0019391151515954746, "F1@100": 0.0017780477227951862, "MAP": 0.0027590073526861415, "MRR": 0.00738686316185834, "NCRR@10": 0.0015493733045353272, "NCRR@100": 0.002400080586025537, "NDCG@10": 0.002205880967477446, "NDCG@100": 0.006196197435006413, "Precision@10": 0.0017813856474434963, "Precision@100": 0.000998365184057724, "Recall@10": 0.0033345663533422827, "Recall@100": 0.016412894499194444, "Activation@10": 0.31529269009215394, "Activation@100": 0.10667137935945878, "AltVoices_mainstream@10": 0.02121700589109759, "AltVoices_mainstream@100": 0.040659837870320785, "Calibration_category@10": 0.7118308700431233, "Calibration_category@100": 0.5898509002389468, "Calibration_complexity@10": 0.380874966816594, "Calibration_complexity@100": 0.28691168581114546, "EILD@10": 0.9245452126377234, "EILD@100": 0.8882347841834327, "Fragmentation@10": 0.3880999297965773, "Fragmentation@100": 0.32628840078886095, "GiniCoeff@10": 0.6962603585321462, "GiniCoeff@100": 0.51032851344495, "ILD@10": 0.9314667618741714, "ILD@100": 0.9065120339194463, "NDCG_score@10": 0.00675757003380269, "NDCG_score@100": 0.020609118458526303, "Representation@10": 0.6787798807439142, "Representation@100": 0.5191182296330472, "Train (s)": 5496.067355155945, "Test (s)": 7979.557571411133}, "user_info": {"Activation@10": 17739, "Activation@100": 17739, "AltVoices_mainstream@10": 17739, "AltVoices_mainstream@100": 17739, "Calibration_category@10": 17670, "Calibration_category@100": 17670, "Calibration_complexity@10": 17634, "Calibration_complexity@100": 17634, "EILD@10": 17739, "EILD@100": 17739, "Fragmentation@10": 17739, "Fragmentation@100": 17739, "GiniCoeff@10": 17739, "GiniCoeff@100": 17739, "ILD@10": 17739, "ILD@100": 17739, "NDCG_score@10": 17739, "NDCG_score@100": 17739, "Representation@10": 17739, "Representation@100": 17739, "total_user_number": 19663}, "model_parameter": {"k": 100}, "Re-Rank": {"F1@10": 0.000743929233400287, "NCRR@10": 0.0008319479046733257, "NDCG@10": 0.0009853384313513384, "Precision@10": 0.0007553977112576792, "Recall@10": 0.0011609534744627757, "Activation@10": 0.3047237804338867, "AltVoices_mainstream@10": 0.10682462244945214, "Calibration_category@10": 0.8922349747053453, "Calibration_complexity@10": 0.4249018017464285, "EILD@10": 0.3108027979655678, "Fragmentation@10": 0.5910377720273335, "GiniCoeff@10": 0.9671416088843815, "ILD@10": 0.36666478756786114, "NDCG_score@10": 0.0032043983394789157, "Representation@10": 0.6352412086085316, "Re-rank Time (s)": 1878.227625131607, "rerank_parameter": {"rerank": 10, "k": 50, "lambda_constant": 0, "diversity_objective": "GiniCoeff"}}}}