{"HFT": {"metric_avg_results": {"MAE": 0.08688188800519739, "MSE": 0.04249106336891174, "RMSE": 0.1528654865334901, "AUC": 0.7783821939088863, "F1@10": 0.003170616280018681, "F1@100": 0.0017888480621591285, "MAP": 0.006629321617693407, "MRR": 0.025970279325132614, "NCRR@10": 0.01018448886506568, "NCRR@100": 0.010341268013689904, "NDCG@10": 0.008280636686110324, "NDCG@100": 0.010993698671602695, "Precision@10": 0.002835560065392662, "Precision@100": 0.0010034387507751273, "Recall@10": 0.005706300776236525, "Recall@100": 0.016600610640624874, "Activation@10": 0.321416665496714, "Activation@100": 0.09600221840097659, "AltVoices_mainstream@10": 0.033418062761874014, "AltVoices_mainstream@100": 0.04635850047230844, "Calibration_category@10": 0.7108340928794218, "Calibration_category@100": 0.5875207542437437, "Calibration_complexity@10": 0.38107910107331533, "Calibration_complexity@100": 0.2826537829486569, "EILD@10": 0.9186095618091625, "EILD@100": 0.8888083347316816, "Fragmentation@10": 0.3206614221067414, "Fragmentation@100": 0.32831581867645376, "GiniCoeff@10": 0.7091725858279117, "GiniCoeff@100": 0.511802525508766, "ILD@10": 0.925882080287374, "ILD@100": 0.906494142621323, "NDCG_score@10": 0.024252436986758847, "NDCG_score@100": 0.03471329880992827, "Representation@10": 0.6480691198708607, "Representation@100": 0.5121264033307847, "Train (s)": 11931.574522256851, "Test (s)": 23390.177147865295}, "user_info": {"Activation@10": 17739, "Activation@100": 17739, "AltVoices_mainstream@10": 17739, "AltVoices_mainstream@100": 17739, "Calibration_category@10": 17670, "Calibration_category@100": 17670, "Calibration_complexity@10": 17634, "Calibration_complexity@100": 17634, "EILD@10": 17739, "EILD@100": 17739, "Fragmentation@10": 17739, "Fragmentation@100": 17739, "GiniCoeff@10": 17739, "GiniCoeff@100": 17739, "ILD@10": 17739, "ILD@100": 17739, "NDCG_score@10": 17739, "NDCG_score@100": 17739, "Representation@10": 17739, "Representation@100": 17739, "total_user_number": 19663}, "model_parameter": {"k": 100}, "Re-Rank": {"F1@10": 0.0006502856940882922, "NCRR@10": 0.0008639580861106686, "NDCG@10": 0.0009800727096469215, "Precision@10": 0.000637014487851625, "Recall@10": 0.001180311137506954, "Activation@10": 0.26283948050250994, "AltVoices_mainstream@10": 0.6154733163923853, "Calibration_category@10": 0.6980604825967558, "Calibration_complexity@10": 0.35240302637118953, "EILD@10": 0.9232997066777121, "Fragmentation@10": 0.6270394014693988, "GiniCoeff@10": 0.6789834545352162, "ILD@10": 0.9246468860200809, "NDCG_score@10": 0.002972430608587375, "Representation@10": 0.5486005954236653, "Re-rank Time (s)": 279083.4168407917, "rerank_parameter": {"rerank": 10, "k": 50, "lambda_constant": 0, "diversity_objective": "AltVoices_mainstream"}}}}