{"HFT": {"metric_avg_results": {"MAE": 0.08734110179853281, "MSE": 0.04256530954421937, "RMSE": 0.15334356354666154, "AUC": 0.7799215721958878, "F1@10": 0.003173688692649806, "F1@100": 0.001800042064708453, "MAP": 0.003738119709740101, "MRR": 0.011817899837696244, "NCRR@10": 0.0038477706556343263, "NCRR@100": 0.004289814238160412, "NDCG@10": 0.0045369332117953225, "NDCG@100": 0.007557613571381802, "Precision@10": 0.0028524719544506705, "Precision@100": 0.0010102035063983314, "Recall@10": 0.005694088193785561, "Recall@100": 0.01672454365225304, "Activation@10": 0.3114137461878316, "Activation@100": 0.11109903126117487, "AltVoices_mainstream@10": 0.01967534233631073, "AltVoices_mainstream@100": 0.040211209077522556, "Calibration_category@10": 0.714507526846949, "Calibration_category@100": 0.5901559680387252, "Calibration_complexity@10": 0.38424158639756506, "Calibration_complexity@100": 0.2886140217573326, "EILD@10": 0.9198363870927411, "EILD@100": 0.8863621342722319, "Fragmentation@10": 0.34638422153543097, "Fragmentation@100": 0.32481449063820217, "GiniCoeff@10": 0.7015981735160687, "GiniCoeff@100": 0.511170020857999, "ILD@10": 0.9286167953847505, "ILD@100": 0.9061850707309886, "NDCG_score@10": 0.013423829956176058, "NDCG_score@100": 0.0245334990818198, "Representation@10": 0.6736807994613793, "Representation@100": 0.5214296508941118, "Train (s)": 19364.688906908035, "Test (s)": 39165.39499115944}, "user_info": {"Activation@10": 17739, "Activation@100": 17739, "AltVoices_mainstream@10": 17739, "AltVoices_mainstream@100": 17739, "Calibration_category@10": 17670, "Calibration_category@100": 17670, "Calibration_complexity@10": 17634, "Calibration_complexity@100": 17634, "EILD@10": 17739, "EILD@100": 17739, "Fragmentation@10": 17739, "Fragmentation@100": 17739, "GiniCoeff@10": 17739, "GiniCoeff@100": 17739, "ILD@10": 17739, "ILD@100": 17739, "NDCG_score@10": 17739, "NDCG_score@100": 17739, "Representation@10": 17739, "Representation@100": 17739, "total_user_number": 19663}, "model_parameter": {"k": 100}, "Re-Rank": {"F1@10": 0.00585590043945159, "NCRR@10": 0.023298749793720753, "NDCG@10": 0.017553587538067603, "Precision@10": 0.0055132758329104635, "Recall@10": 0.009832139566860396, "Activation@10": 0.3139181992823956, "AltVoices_mainstream@10": 0.09725657320854872, "Calibration_category@10": 0.6951508848713779, "Calibration_complexity@10": 0.4016588457234788, "EILD@10": 0.8986778204818338, "Fragmentation@10": 0.757359414033671, "GiniCoeff@10": 0.7156096736005754, "ILD@10": 0.9109206957675782, "NDCG_score@10": 0.05513275832910536, "Representation@10": 0.7242507475850831, "Re-rank Time (s)": 8268.477630376816, "rerank_parameter": {"rerank": 10, "k": 50, "lambda_constant": 0, "diversity_objective": "NDCG_score"}}}}