{"HFT": {"metric_avg_results": {"MAE": 0.08799282643779865, "MSE": 0.04256433291907753, "RMSE": 0.15372749563329072, "AUC": 0.7784046621034241, "F1@10": 0.0005695199436153184, "F1@100": 0.0017433087528379576, "MAP": 0.0023552236304680415, "MRR": 0.005659595042602447, "NCRR@10": 0.0007948413618548611, "NCRR@100": 0.0016828250268731484, "NDCG@10": 0.0008498076594034662, "NDCG@100": 0.005434630402263453, "Precision@10": 0.0005975534133829404, "Precision@100": 0.0009791983764586463, "Recall@10": 0.0008721887078324966, "Recall@100": 0.016065400424129076, "Activation@10": 0.32273221060364465, "Activation@100": 0.10003710044080363, "AltVoices_mainstream@10": 0.02736095488457183, "AltVoices_mainstream@100": 0.04196830877027007, "Calibration_category@10": 0.7032926250106671, "Calibration_category@100": 0.5891578425747356, "Calibration_complexity@10": 0.3782552734408745, "Calibration_complexity@100": 0.28465912006450467, "EILD@10": 0.9306246881911527, "EILD@100": 0.8914604718727758, "Fragmentation@10": 0.34555892431101953, "Fragmentation@100": 0.3274832256952832, "GiniCoeff@10": 0.6876839167936183, "GiniCoeff@100": 0.5105576695416877, "ILD@10": 0.9359452806432591, "ILD@100": 0.906665710034562, "NDCG_score@10": 0.002807199946749616, "NDCG_score@100": 0.01840690913038186, "Representation@10": 0.6687271870944, "Representation@100": 0.5159135748296442, "Train (s)": 33229.454231739044, "Test (s)": 45493.60977625847}, "user_info": {"Activation@10": 17739, "Activation@100": 17739, "AltVoices_mainstream@10": 17739, "AltVoices_mainstream@100": 17739, "Calibration_category@10": 17670, "Calibration_category@100": 17670, "Calibration_complexity@10": 17634, "Calibration_complexity@100": 17634, "EILD@10": 17739, "EILD@100": 17739, "Fragmentation@10": 17739, "Fragmentation@100": 17739, "GiniCoeff@10": 17739, "GiniCoeff@100": 17739, "ILD@10": 17739, "ILD@100": 17739, "NDCG_score@10": 17739, "NDCG_score@100": 17739, "Representation@10": 17739, "Representation@100": 17739, "total_user_number": 19663}, "model_parameter": {"k": 100}, "Re-Rank": {"F1@10": 0.0006771984145919024, "NCRR@10": 0.0011286444035223011, "NDCG@10": 0.0011056508812388273, "Precision@10": 0.0007159366367889944, "Recall@10": 0.0010180677578080703, "Activation@10": 0.32654266473074695, "AltVoices_mainstream@10": 0.0675988542706423, "Calibration_category@10": 0.6417945788367467, "Calibration_complexity@10": 0.3820862782397824, "EILD@10": 0.9981139413979773, "Fragmentation@10": 0.46222399886151255, "GiniCoeff@10": 0.4376078132927449, "ILD@10": 0.9999787035471125, "NDCG_score@10": 0.0037964503934225704, "Representation@10": 0.6954128782752994, "Re-rank Time (s)": 6390.004327297211, "rerank_parameter": {"rerank": 10, "k": 50, "lambda_constant": 0, "diversity_objective": "ILD"}}}}