{"HFT": {"metric_avg_results": {"MAE": 0.0878421860447876, "MSE": 0.04254878240013623, "RMSE": 0.15341493331317219, "AUC": 0.7788894661119986, "F1@10": 0.0005919868450677054, "F1@100": 0.0013667096481804841, "MAP": 0.0022281448222211276, "MRR": 0.005085478794231587, "NCRR@10": 0.0008215698138875822, "NCRR@100": 0.0013577295944894009, "NDCG@10": 0.0008782099262647505, "NDCG@100": 0.004035835224840608, "Precision@10": 0.0006201025987936174, "Precision@100": 0.0007734370595862094, "Recall@10": 0.0008997992580204188, "Recall@100": 0.011643613255560011, "Activation@10": 0.3153540315223777, "Activation@100": 0.10712835623515582, "AltVoices_mainstream@10": 0.022330759638063708, "AltVoices_mainstream@100": 0.041589010414665645, "Calibration_category@10": 0.7047270940384832, "Calibration_category@100": 0.5897340842136714, "Calibration_complexity@10": 0.3771616405129657, "Calibration_complexity@100": 0.2861501703385107, "EILD@10": 0.9309883781936245, "EILD@100": 0.8956991424101938, "Fragmentation@10": 0.35862549113017217, "Fragmentation@100": 0.32599316567982445, "GiniCoeff@10": 0.685680562602288, "GiniCoeff@100": 0.5054588054569041, "ILD@10": 0.9366129870779419, "ILD@100": 0.9076794439689772, "NDCG_score@10": 0.0029317912384033192, "NDCG_score@100": 0.01450909404294702, "Representation@10": 0.6787686786804144, "Representation@100": 0.5191475433909645, "Train (s)": 16419.755736112595, "Test (s)": 10603.824423074722}, "user_info": {"Activation@10": 17739, "Activation@100": 17739, "AltVoices_mainstream@10": 17739, "AltVoices_mainstream@100": 17739, "Calibration_category@10": 17670, "Calibration_category@100": 17670, "Calibration_complexity@10": 17634, "Calibration_complexity@100": 17634, "EILD@10": 17739, "EILD@100": 17739, "Fragmentation@10": 17739, "Fragmentation@100": 17739, "GiniCoeff@10": 17739, "GiniCoeff@100": 17739, "ILD@10": 17739, "ILD@100": 17739, "NDCG_score@10": 17739, "NDCG_score@100": 17739, "Representation@10": 17739, "Representation@100": 17739, "total_user_number": 19663}, "model_parameter": {"k": 100}, "Re-Rank": {"F1@10": 0.0009239367364598187, "NCRR@10": 0.001068525724735867, "NDCG@10": 0.001241447919425304, "Precision@10": 0.000913242009132418, "Recall@10": 0.0014337858868999505, "Activation@10": 0.3085925085318939, "AltVoices_mainstream@10": 0.07741786505668988, "Calibration_category@10": 0.6653941495179202, "Calibration_complexity@10": 0.3776616619351432, "EILD@10": 0.9063960905826881, "Fragmentation@10": 0.9942797605617603, "GiniCoeff@10": 0.7201526297987896, "ILD@10": 0.9090942117493099, "NDCG_score@10": 0.004062222606804178, "Representation@10": 0.6723830974556331, "Re-rank Time (s)": 3386.48944067955, "rerank_parameter": {"rerank": 10, "k": 50, "lambda_constant": 0.3, "diversity_objective": "Fragmentation"}}}}