{"CTR": {"metric_avg_results": {"MAE": 0.4907873639800995, "MSE": 0.49027883784595383, "RMSE": 0.6020343144731777, "AUC": 0.5941371473813111, "F1@10": 0.007326007326007325, "F1@100": 0.010098252917279622, "MAP": 0.0162265760075376, "MRR": 0.0357905933296616, "NCRR@10": 0.012987012987012988, "NCRR@100": 0.018966312233002828, "NDCG@10": 0.014099138617422154, "NDCG@100": 0.057308505779354514, "Precision@10": 0.004761904761904762, "Precision@100": 0.005238095238095238, "Recall@10": 0.015873015873015872, "Recall@100": 0.2095444238301381, "Activation@10": 0.2767957649934813, "Activation@100": 0.08065502038481938, "AltVoices_mainstream@10": 0.08134940320819528, "AltVoices_mainstream@100": 0.03814275924522315, "Calibration_category@10": 0.34360544954600586, "Calibration_category@100": 0.334361858964973, "Calibration_complexity@10": 0.19588583126871514, "Calibration_complexity@100": 0.1571398643843717, "EILD@10": 0.816522488831646, "EILD@100": 0.726610944411861, "Fragmentation@10": 0.8391422298401034, "Fragmentation@100": 0.5863128796304836, "GiniCoeff@10": 0.8024470899470899, "GiniCoeff@100": 0.6297798639271732, "ILD@10": 0.8195767195767196, "ILD@100": 0.8490363801127534, "NDCG_score@10": 0.030044273979593215, "NDCG_score@100": 0.10341908752713443, "Representation@10": 0.5774456651217511, "Representation@100": 0.4045381186303849, "Train (s)": 6.799649000167847, "Test (s)": 6.01331090927124}, "user_info": {"Activation@10": 21, "Activation@100": 21, "AltVoices_mainstream@10": 21, "AltVoices_mainstream@100": 21, "Calibration_category@10": 21, "Calibration_category@100": 21, "Calibration_complexity@10": 21, "Calibration_complexity@100": 21, "EILD@10": 21, "EILD@100": 21, "Fragmentation@10": 21, "Fragmentation@100": 21, "GiniCoeff@10": 21, "GiniCoeff@100": 21, "ILD@10": 21, "ILD@100": 21, "NDCG_score@10": 21, "NDCG_score@100": 21, "Representation@10": 17, "Representation@100": 21, "total_user_number": 26}, "model_parameter": {"k": 400, "lambda_u": 0.01, "lambda_v": 0.01}, "Re-Rank": {"F1@10": 0.0, "NCRR@10": 0.0, "NDCG@10": 0.0, "Precision@10": 0.0, "Recall@10": 0.0, "Activation@10": 0.27622434880221375, "AltVoices_mainstream@10": 0.06629785185553999, "Calibration_category@10": 0.25661077449366315, "Calibration_complexity@10": 0.19252698391967288, "EILD@10": 0.8983296220953498, "Fragmentation@10": 0.8450338917803715, "GiniCoeff@10": 0.7123677248677248, "ILD@10": 0.8981481481481483, "NDCG_score@10": 0.0, "Representation@10": 0.5763428591530482, "Re-rank Time (s)": 3.2078089714050293, "rerank_parameter": {"rerank": 10, "k": 50, "lambda_constant": 0.8, "diversity_objective": "Calibration_category"}}}}