{"CTR": {"metric_avg_results": {"MAE": 0.4907873639800995, "MSE": 0.49027883784595383, "RMSE": 0.6020343144731777, "AUC": 0.5941371473813111, "F1@10": 0.007326007326007325, "F1@100": 0.010098252917279622, "MAP": 0.0162265760075376, "MRR": 0.0357905933296616, "NCRR@10": 0.012987012987012988, "NCRR@100": 0.018966312233002828, "NDCG@10": 0.014099138617422154, "NDCG@100": 0.057308505779354514, "Precision@10": 0.004761904761904762, "Precision@100": 0.005238095238095238, "Recall@10": 0.015873015873015872, "Recall@100": 0.2095444238301381, "Activation@10": 0.2767957649934813, "Activation@100": 0.08065502038481938, "AltVoices_mainstream@10": 0.08134940320819528, "AltVoices_mainstream@100": 0.03814275924522315, "Calibration_category@10": 0.34360544954600586, "Calibration_category@100": 0.334361858964973, "Calibration_complexity@10": 0.19588583126871514, "Calibration_complexity@100": 0.1571398643843717, "EILD@10": 0.816522488831646, "EILD@100": 0.726610944411861, "Fragmentation@10": 0.8519228478816459, "Fragmentation@100": 0.5694896494676625, "GiniCoeff@10": 0.8024470899470899, "GiniCoeff@100": 0.6297798639271732, "ILD@10": 0.8195767195767196, "ILD@100": 0.8490363801127534, "NDCG_score@10": 0.030044273979593215, "NDCG_score@100": 0.10341908752713443, "Representation@10": 0.5774456651217511, "Representation@100": 0.4045381186303849, "Train (s)": 4.301883220672607, "Test (s)": 4.065401792526245}, "user_info": {"Activation@10": 21, "Activation@100": 21, "AltVoices_mainstream@10": 21, "AltVoices_mainstream@100": 21, "Calibration_category@10": 21, "Calibration_category@100": 21, "Calibration_complexity@10": 21, "Calibration_complexity@100": 21, "EILD@10": 21, "EILD@100": 21, "Fragmentation@10": 21, "Fragmentation@100": 21, "GiniCoeff@10": 21, "GiniCoeff@100": 21, "ILD@10": 21, "ILD@100": 21, "NDCG_score@10": 21, "NDCG_score@100": 21, "Representation@10": 17, "Representation@100": 21, "total_user_number": 26}, "model_parameter": {"k": 400, "lambda_u": 0.01, "lambda_v": 0.01}, "Re-Rank": {"F1@10": 0.007326007326007325, "NCRR@10": 0.006493506493506494, "NDCG@10": 0.009624159357168932, "Precision@10": 0.004761904761904762, "Recall@10": 0.015873015873015872, "Activation@10": 0.2813799600858419, "AltVoices_mainstream@10": 0.07774538937554024, "Calibration_category@10": 0.42888479742242275, "Calibration_complexity@10": 0.2537905259855245, "EILD@10": 0.9837298019551397, "Fragmentation@10": 0.8767175634714254, "GiniCoeff@10": 0.5082671957671957, "ILD@10": 0.9947089947089945, "NDCG_score@10": 0.020508407527304432, "Representation@10": 0.6001404476661659, "Re-rank Time (s)": 0.596459150314331, "rerank_parameter": {"rerank": 10, "k": 50, "lambda_constant": 0.0, "diversity_objective": "ILD"}}}}