{"CTR": {"metric_avg_results": {"MAE": 0.403307575286779, "MSE": 0.35683933817060515, "RMSE": 0.5418470450071653, "AUC": 0.5625139632471741, "F1@10": 0.000718568472050876, "F1@100": 0.003476027151736869, "MAP": 0.00256151661587509, "MRR": 0.008068901548758793, "NCRR@10": 0.001011853361310034, "NCRR@100": 0.0026372609261854415, "NDCG@10": 0.0011713435467689119, "NDCG@100": 0.011343206666020447, "Precision@10": 0.000868143638311064, "Precision@100": 0.0019037149782964841, "Recall@10": 0.001377831551554554, "Recall@100": 0.03836770186431862, "Activation@10": 0.2968332207001256, "Activation@100": 0.09376916475778489, "AltVoices_mainstream@10": 0.11841912610801149, "AltVoices_mainstream@100": 0.09985739246225114, "Calibration_category@10": 0.33285127825224287, "Calibration_category@100": 0.44300272488736575, "Calibration_complexity@10": 0.20517555315228286, "Calibration_complexity@100": 0.22196440872226939, "EILD@10": 0.8059505052415153, "EILD@100": 0.7837305457727003, "Fragmentation@10": 0.8492066081431019, "Fragmentation@100": 0.6248414302955938, "GiniCoeff@10": 0.8087948869721915, "GiniCoeff@100": 0.6203414792265649, "ILD@10": 0.8095094925806786, "ILD@100": 0.8555162197543533, "NDCG_score@10": 0.00391125195068134, "NDCG_score@100": 0.03256006461013664, "Representation@10": 0.6091707396841833, "Representation@100": 0.4595282413483745, "Train (s)": 200.66474199295044, "Test (s)": 5622.991470813751}, "user_info": {"Activation@10": 17739, "Activation@100": 17739, "AltVoices_mainstream@10": 17739, "AltVoices_mainstream@100": 17739, "Calibration_category@10": 17670, "Calibration_category@100": 17670, "Calibration_complexity@10": 17634, "Calibration_complexity@100": 17634, "EILD@10": 17739, "EILD@100": 17739, "Fragmentation@10": 17739, "Fragmentation@100": 17739, "GiniCoeff@10": 17739, "GiniCoeff@100": 17739, "ILD@10": 17739, "ILD@100": 17739, "NDCG_score@10": 17739, "NDCG_score@100": 17739, "Representation@10": 16208, "Representation@100": 17739, "total_user_number": 19663}, "model_parameter": {"k": 400, "lambda_u": 0.01, "lambda_v": 0.01}, "Re-Rank": {"F1@10": 0.002104368333820336, "NCRR@10": 0.0027966070059504437, "NDCG@10": 0.003259811160619154, "Precision@10": 0.001736287276622141, "Recall@10": 0.004344597726237028, "Activation@10": 0.29683101710794907, "AltVoices_mainstream@10": 0.11779079839306278, "Calibration_category@10": 0.932192362725979, "Calibration_complexity@10": 0.3644648974457146, "EILD@10": 0.8336213931136288, "Fragmentation@10": 0.8796588006160344, "GiniCoeff@10": 0.7962025762443994, "ILD@10": 0.8415443686541135, "NDCG_score@10": 0.008347147801575437, "Representation@10": 0.6332040403470095, "Re-rank Time (s)": 2442.777718782425, "rerank_parameter": {"rerank": 10, "k": 50, "lambda_constant": 0, "diversity_objective": "Calibration_category"}}}}