{"DAE": {"metric_avg_results": {"MAE": 0.5978640839816534, "MSE": 0.5925425455307828, "RMSE": 0.7272234948922478, "AUC": 0.9565043407133303, "F1@10": 0.01953042997836682, "F1@100": 0.020273170638391905, "F1@20": 0.019994154212997432, "MAP": 0.028654929169969354, "MRR": 0.0680215301572628, "NCRR@10": 0.027783612898220754, "NCRR@100": 0.036551531521025867, "NCRR@20": 0.030453516323712217, "NDCG@10": 0.03319614495828438, "NDCG@100": 0.07744581856525674, "NDCG@20": 0.04136614090946804, "Precision@10": 0.017204205274414113, "Precision@100": 0.012062321810402222, "Precision@20": 0.015072612259442763, "Recall@10": 0.04501980712501067, "Recall@100": 0.19586314367420582, "Recall@20": 0.07019987658361661, "Activation@10": 0.32581609960461916, "Activation@100": 0.08771296134792156, "Activation@20": 0.2453003821197856, "AltVoices_mainstream@10": NaN, "AltVoices_mainstream@100": 0.1068632961927734, "AltVoices_mainstream@20": NaN, "Calibration_category@10": 0.6170953996703924, "Calibration_category@100": 0.4885571765738311, "Calibration_category@20": 0.569222271848818, "Calibration_complexity@10": 0.37541326974898664, "Calibration_complexity@100": 0.2557585377007316, "Calibration_complexity@20": 0.3180376260322106, "EILD@10": 0.8167690237797963, "EILD@100": 0.7186136714279778, "EILD@20": 0.7977387051699807, "Fragmentation@10": 0.7082745590042051, "Fragmentation@100": 0.5827242472253662, "Fragmentation@20": 0.6346343166453494, "GiniCoeff@10": 0.7648821721311869, "GiniCoeff@100": 0.6142778866714161, "GiniCoeff@20": 0.6772112214896443, "ILD@10": 0.8536741704288077, "ILD@100": 0.8441301557989274, "ILD@20": 0.858209030461461, "NDCG_score@10": 0.07656472788755926, "NDCG_score@100": 0.15886893827863363, "NDCG_score@20": 0.09905393252076548, "Representation@10": 0.5903867850111442, "Representation@100": 0.4551556135551762, "Representation@20": 0.5217238820712958, "Train (s)": 9300.369300603867, "Test (s)": 58867.93207025528}, "user_info": {"Activation@10": 44896, "Activation@100": 44896, "Activation@20": 44896, "AltVoices_mainstream@10": 44896, "AltVoices_mainstream@100": 44896, "AltVoices_mainstream@20": 44896, "Calibration_category@10": 44703, "Calibration_category@100": 44703, "Calibration_category@20": 44703, "Calibration_complexity@10": 44631, "Calibration_complexity@100": 44632, "Calibration_complexity@20": 44632, "EILD@10": 44896, "EILD@100": 44896, "EILD@20": 44896, "Fragmentation@10": 44896, "Fragmentation@100": 44896, "Fragmentation@20": 44896, "GiniCoeff@10": 44896, "GiniCoeff@100": 44896, "GiniCoeff@20": 44896, "ILD@10": 44896, "ILD@100": 44896, "ILD@20": 44896, "NDCG_score@10": 44896, "NDCG_score@100": 44896, "NDCG_score@20": 44896, "Representation@10": 43456, "Representation@100": 44896, "Representation@20": 44719, "total_user_number": 49300}, "model_parameter": {"qk_dims": "20"}, "Re-Rank": {"Precision@10": 0.009893977191732616, "Recall@10": 0.012198346874488447, "Precision@20": 0.013627049180327576, "Recall@20": 0.057321029553448234, "Precision@100": 0.012044725588021636, "Recall@100": 0.1950789390560501, "ILD@10": 0.8279747762732709, "ILD@20": 0.8489799818061631, "ILD@100": 0.843932207859075, "Re-rank Time (s)": 3637.5174486637115}}}