{"CTR": {"metric_avg_results": {"MAE": 0.26824206780170423, "MSE": 0.1810367747759928, "RMSE": 0.38198077583812523, "AUC": 0.9179065803416897, "F1@10": 0.03224072579774027, "F1@100": 0.03310263434311656, "F1@20": 0.03573044897045878, "MAP": 0.037199708681642726, "MRR": 0.10928011302769466, "NCRR@10": 0.04404494820544159, "NCRR@100": 0.05666235771608418, "NCRR@20": 0.04793953661203529, "NDCG@10": 0.04912926394326027, "NDCG@100": 0.10968221988092619, "NDCG@20": 0.06066337653626161, "Precision@10": 0.03313435495366691, "Precision@100": 0.01996079828937244, "Precision@20": 0.029431352459008176, "Recall@10": 0.053700229884921714, "Recall@100": 0.2487261162745154, "Recall@20": 0.088910385651318, "Activation@10": 0.2988365080570846, "Activation@100": 0.0896414789115694, "Activation@20": 0.22078602915903658, "AltVoices_mainstream@10": NaN, "AltVoices_mainstream@100": 0.13099279572457614, "AltVoices_mainstream@20": NaN, "Calibration_category@10": 0.5254945749675993, "Calibration_category@100": 0.41925621085042947, "Calibration_category@20": 0.4776018631655131, "Calibration_complexity@10": 0.33602652813535905, "Calibration_complexity@100": 0.241591858825343, "Calibration_complexity@20": 0.2867820902841479, "EILD@10": 0.6640919875057808, "EILD@100": 0.5924375264134325, "EILD@20": 0.6469164076645672, "Fragmentation@10": 0.856362320721475, "Fragmentation@100": 0.6347872053897715, "Fragmentation@20": 0.7928208399594291, "GiniCoeff@10": 0.8545691709729369, "GiniCoeff@100": 0.7295504610655766, "GiniCoeff@20": 0.8141536829561637, "ILD@10": 0.7149218935614163, "ILD@100": 0.7726701935606903, "ILD@20": 0.7296168689273038, "NDCG_score@10": 0.1306430317728579, "NDCG_score@100": 0.2159180232853145, "NDCG_score@20": 0.16170694707967706, "Representation@10": 0.5936330713265391, "Representation@100": 0.464872777591064, "Representation@20": 0.5483406655535343, "Train (s)": 4619.237453699112, "Test (s)": 44612.19421696663}, "user_info": {"Activation@10": 44896, "Activation@100": 44896, "Activation@20": 44896, "AltVoices_mainstream@10": 44895, "AltVoices_mainstream@100": 44896, "AltVoices_mainstream@20": 44896, "Calibration_category@10": 44703, "Calibration_category@100": 44703, "Calibration_category@20": 44703, "Calibration_complexity@10": 44632, "Calibration_complexity@100": 44632, "Calibration_complexity@20": 44632, "EILD@10": 44896, "EILD@100": 44896, "EILD@20": 44896, "Fragmentation@10": 44896, "Fragmentation@100": 44896, "Fragmentation@20": 44896, "GiniCoeff@10": 44896, "GiniCoeff@100": 44896, "GiniCoeff@20": 44896, "ILD@10": 44896, "ILD@100": 44896, "ILD@20": 44896, "NDCG_score@10": 44896, "NDCG_score@100": 44896, "NDCG_score@20": 44896, "Representation@10": 41223, "Representation@100": 44883, "Representation@20": 43802, "total_user_number": 49300}, "model_parameter": {"k": 20, "lambda_v": 10}, "Re-Rank": {"Precision@10": 0.013965609408411843, "Recall@10": 0.01420670123800327, "Precision@20": 0.023549982181035423, "Recall@20": 0.06790693112292498, "Precision@100": 0.01996079828937244, "Recall@100": 0.2487261162745154, "ILD@10": 0.7959110437951538, "ILD@20": 0.7653266496604159, "ILD@100": 0.7726701935606903, "Re-rank Time (s)": 5380.478716373444}}}