{"DAE": {"metric_avg_results": {"MAE": 0.5978640839816534, "MSE": 0.5925425455307828, "RMSE": 0.7272234948922478, "AUC": 0.9565043407133303, "F1@100": 0.020273170638391905, "F1@20": 0.019994154212997432, "F1@5": 0.0174792049779158, "MAP": 0.028654929169969354, "MRR": 0.0680215301572628, "NCRR@100": 0.036551531521025867, "NCRR@20": 0.030453516323712217, "NCRR@5": 0.025083446148642826, "NDCG@100": 0.07744581856525674, "NDCG@20": 0.04136614090946804, "NDCG@5": 0.027142283239386972, "Precision@100": 0.012062321810402222, "Precision@20": 0.015072612259442763, "Precision@5": 0.019280114041341223, "Recall@100": 0.19586314367420582, "Recall@20": 0.07019987658361661, "Recall@5": 0.026757472244105466, "Activation@100": 0.08771296134792156, "Activation@20": 0.2453003821197856, "Activation@5": 0.3775638626559584, "AltVoices_mainstream@100": 0.1068632961927734, "AltVoices_mainstream@20": NaN, "AltVoices_mainstream@5": NaN, "Calibration_category@100": 0.4885571765738311, "Calibration_category@20": 0.569222271848818, "Calibration_category@5": 0.6703837697030491, "Calibration_complexity@100": 0.2557585377007316, "Calibration_complexity@20": 0.3180376260322106, "Calibration_complexity@5": 0.45524085939457976, "EILD@100": 0.7186136714279778, "EILD@20": 0.7977387051699807, "EILD@5": 0.8297672019340817, "Fragmentation@100": 0.5829263173377287, "Fragmentation@20": 0.6341750432937188, "Fragmentation@5": 0.7781570071323202, "GiniCoeff@100": 0.6142778866714161, "GiniCoeff@20": 0.6772112214896443, "GiniCoeff@5": 0.8534474117957684, "ILD@100": 0.8441301557989274, "ILD@20": 0.858209030461461, "ILD@5": 0.8475766215257302, "NDCG_score@100": 0.15886893827863363, "NDCG_score@20": 0.09905393252076548, "NDCG_score@5": 0.055868738817957425, "Representation@100": 0.4551556135551762, "Representation@20": 0.5217238820712958, "Representation@5": 0.6442666710424844, "Train (s)": 9119.110509634018, "Test (s)": 63163.5417201519}, "user_info": {"Activation@100": 44896, "Activation@20": 44896, "Activation@5": 44896, "AltVoices_mainstream@100": 44896, "AltVoices_mainstream@20": 44896, "AltVoices_mainstream@5": 44893, "Calibration_category@100": 44703, "Calibration_category@20": 44703, "Calibration_category@5": 44703, "Calibration_complexity@100": 44632, "Calibration_complexity@20": 44632, "Calibration_complexity@5": 44621, "EILD@100": 44896, "EILD@20": 44896, "EILD@5": 44896, "Fragmentation@100": 44896, "Fragmentation@20": 44896, "Fragmentation@5": 44896, "GiniCoeff@100": 44896, "GiniCoeff@20": 44896, "GiniCoeff@5": 44896, "ILD@100": 44896, "ILD@20": 44896, "ILD@5": 44896, "NDCG_score@100": 44896, "NDCG_score@20": 44896, "NDCG_score@5": 44896, "Representation@100": 44896, "Representation@20": 44719, "Representation@5": 36971, "total_user_number": 49300}, "model_parameter": {"qk_dims": "20"}, "Re-Rank": {"Precision@5": 0.009426229508196406, "Recall@5": 0.005752379757350656, "Precision@20": 0.014315306486100417, "Recall@20": 0.06387440341619349, "Precision@100": 0.012044725588021636, "Recall@100": 0.1950789390560501, "ILD@5": 0.8278799893089442, "ILD@20": 0.8565939528082511, "ILD@100": 0.843932207859075, "Re-rank Time (s)": 2232.851390838623}}}