{"CTR": {"metric_avg_results": {"MAE": 0.26824206780170423, "MSE": 0.1810367747759928, "RMSE": 0.38198077583812523, "AUC": 0.9179065803416897, "F1@100": 0.03310263434311656, "F1@20": 0.03573044897045878, "F1@5": 0.02605480667984176, "MAP": 0.037199708681642726, "MRR": 0.10928011302769466, "NCRR@100": 0.05666235771608418, "NCRR@20": 0.04793953661203529, "NCRR@5": 0.04096145515248109, "NDCG@100": 0.10968221988092619, "NDCG@20": 0.06066337653626161, "NDCG@5": 0.04237415774699917, "Precision@100": 0.01996079828937244, "Precision@20": 0.029431352459008176, "Precision@5": 0.03575819672131588, "Recall@100": 0.2487261162745154, "Recall@20": 0.088910385651318, "Recall@5": 0.030790614343714336, "Activation@100": 0.0896414789115694, "Activation@20": 0.22078602915903658, "Activation@5": 0.3729372063412614, "AltVoices_mainstream@100": 0.13099279572457614, "AltVoices_mainstream@20": NaN, "AltVoices_mainstream@5": NaN, "Calibration_category@100": 0.41925621085042947, "Calibration_category@20": 0.4776018631655131, "Calibration_category@5": 0.5894651756040544, "Calibration_complexity@100": 0.241591858825343, "Calibration_complexity@20": 0.2867820902841479, "Calibration_complexity@5": 0.4148386811570024, "EILD@100": 0.5924375264134325, "EILD@20": 0.6469164076645672, "EILD@5": 0.6715869559113888, "Fragmentation@100": 0.6346906692455818, "Fragmentation@20": 0.7946264640075262, "Fragmentation@5": 0.9066141970791612, "GiniCoeff@100": 0.7295504610655766, "GiniCoeff@20": 0.8141536829561637, "GiniCoeff@5": 0.9002316464716394, "ILD@100": 0.7726701935606903, "ILD@20": 0.7296168689273038, "ILD@5": 0.698160192445012, "NDCG_score@100": 0.2159180232853145, "NDCG_score@20": 0.16170694707967706, "NDCG_score@5": 0.09846181639842762, "Representation@100": 0.464872777591064, "Representation@20": 0.5483406655535343, "Representation@5": 0.639323713070294, "Train (s)": 2332.0981435775757, "Test (s)": 45918.25787591934}, "user_info": {"Activation@100": 44896, "Activation@20": 44896, "Activation@5": 44896, "AltVoices_mainstream@100": 44896, "AltVoices_mainstream@20": 44896, "AltVoices_mainstream@5": 44881, "Calibration_category@100": 44703, "Calibration_category@20": 44703, "Calibration_category@5": 44703, "Calibration_complexity@100": 44632, "Calibration_complexity@20": 44632, "Calibration_complexity@5": 44615, "EILD@100": 44896, "EILD@20": 44896, "EILD@5": 44896, "Fragmentation@100": 44896, "Fragmentation@20": 44896, "Fragmentation@5": 44896, "GiniCoeff@100": 44896, "GiniCoeff@20": 44896, "GiniCoeff@5": 44896, "ILD@100": 44896, "ILD@20": 44896, "ILD@5": 44896, "NDCG_score@100": 44896, "NDCG_score@20": 44896, "NDCG_score@5": 44896, "Representation@100": 44883, "Representation@20": 43802, "Representation@5": 35720, "total_user_number": 49300}, "model_parameter": {"k": 20, "lambda_v": 10}, "Re-Rank": {"Precision@5": 0.013934426229508334, "Recall@5": 0.007199722832071898, "Precision@20": 0.02679860121168237, "Recall@20": 0.07989280312585789, "Precision@100": 0.01996079828937244, "Recall@100": 0.2487261162745154, "ILD@5": 0.7950708303638009, "ILD@20": 0.7472796779456237, "ILD@100": 0.7726701935606903, "Re-rank Time (s)": 5826.089175462723}}}