{"CTR": {"metric_avg_results": {"MAE": 0.34189531623046376, "MSE": 0.2612222593494796, "RMSE": 0.46359112279913955, "AUC": 0.8188388199582176, "F1@10": 0.010886708291848792, "F1@100": 0.014754182717841431, "MAP": 0.01297440287959342, "MRR": 0.0503311419393905, "NCRR@10": 0.015209036390082743, "NCRR@100": 0.021675133481894985, "NDCG@10": 0.015727261153374934, "NDCG@100": 0.051580728028874756, "Precision@10": 0.01152263374485564, "Precision@100": 0.008198320085687055, "Recall@10": 0.016040533839087788, "Recall@100": 0.13976742477147433, "Activation@10": 0.3089292907886333, "Activation@100": 0.13218828616004394, "AltVoices_mainstream@10": 0.1258749272951988, "AltVoices_mainstream@100": 0.08953203129951795, "Calibration_category@10": 0.36118485788656535, "Calibration_category@100": 0.3603917116415793, "Calibration_complexity@10": 0.24859109970063098, "Calibration_complexity@100": 0.21960101786455002, "EILD@10": 0.7312951894866574, "EILD@100": 0.6478032802962745, "Fragmentation@10": 0.839258463740942, "Fragmentation@100": 0.6783410966952788, "GiniCoeff@10": 0.8401615085404812, "GiniCoeff@100": 0.7350784993517122, "ILD@10": 0.7486317029019521, "ILD@100": 0.7565048762613445, "NDCG_score@10": 0.05070087574003026, "NDCG_score@100": 0.12051989841326766, "Representation@10": 0.615557385322899, "Representation@100": 0.49516633417021216, "Train (s)": 7098.332818746567, "Test (s)": 7888.337266206741}, "user_info": {"Activation@10": 17739, "Activation@100": 17739, "AltVoices_mainstream@10": 17736, "AltVoices_mainstream@100": 17739, "Calibration_category@10": 17670, "Calibration_category@100": 17670, "Calibration_complexity@10": 17610, "Calibration_complexity@100": 17634, "EILD@10": 17739, "EILD@100": 17739, "Fragmentation@10": 17739, "Fragmentation@100": 17739, "GiniCoeff@10": 17739, "GiniCoeff@100": 17739, "ILD@10": 17739, "ILD@100": 17739, "NDCG_score@10": 17739, "NDCG_score@100": 17739, "Representation@10": 15065, "Representation@100": 17707, "total_user_number": 19663}, "model_parameter": {"k": 400, "lambda_u": 0.01, "lambda_v": 1000.0}, "Re-Rank": {"F1@10": 0.008749358268769646, "NCRR@10": 0.009534954750615124, "NDCG@10": 0.011202727734036775, "Precision@10": 0.008061333784316857, "Recall@10": 0.013852854680593685, "Activation@10": 0.31338109459588165, "AltVoices_mainstream@10": 0.12295055185734471, "Calibration_category@10": 0.5128229102667549, "Calibration_complexity@10": 0.3744042995160991, "EILD@10": 0.7378966060806001, "Fragmentation@10": 0.8360402814484634, "GiniCoeff@10": 0.8334150741304168, "ILD@10": 0.7528934989445681, "NDCG_score@10": 0.03445530730664367, "Representation@10": 0.6308020963926441, "Re-rank Time (s)": 2117.127790927887, "rerank_parameter": {"rerank": 10, "k": 50, "lambda_constant": 0, "diversity_objective": "ILD"}}}}