{"CTR": {"metric_avg_results": {"MAE": 0.4049936916437762, "MSE": 0.3810630668612375, "RMSE": 0.5563943474153049, "AUC": 0.9051279743851286, "F1@10": 0.02104828428281224, "F1@100": 0.017978779535539693, "MAP": 0.02329301417600235, "MRR": 0.07294493935483229, "NCRR@10": 0.027014677067464687, "NCRR@100": 0.036129070871989785, "NDCG@10": 0.030355268523197598, "NDCG@100": 0.07462552453719792, "Precision@10": 0.018817295225210293, "Precision@100": 0.009938553469755649, "Recall@10": 0.03675569159327259, "Recall@100": 0.1866741380135178, "Activation@10": 0.2764071773842896, "Activation@100": 0.08384175311989653, "AltVoices_mainstream@10": 0.1022044866116461, "AltVoices_mainstream@100": 0.08512753436204444, "Calibration_category@10": 0.5963488637548869, "Calibration_category@100": 0.5003414849664504, "Calibration_complexity@10": 0.30456501956673054, "Calibration_complexity@100": 0.2608880307293483, "EILD@10": 0.8400901319481943, "EILD@100": 0.7044067005034365, "Fragmentation@10": 0.1740383987097685, "Fragmentation@100": 0.21245373896881745, "GiniCoeff@10": 0.7936453576866354, "GiniCoeff@100": 0.6820068775015508, "ILD@10": 0.8594083344295701, "ILD@100": 0.8193061570094956, "NDCG_score@10": 0.08278020484212618, "NDCG_score@100": 0.15529107261278843, "Representation@10": 0.4709263031083223, "Representation@100": 0.4668625275343879, "Train (s)": 7301.496697664261, "Test (s)": 7817.279385328293}, "user_info": {"Activation@10": 17739, "Activation@100": 17739, "AltVoices_mainstream@10": 17732, "AltVoices_mainstream@100": 17739, "Calibration_category@10": 17670, "Calibration_category@100": 17670, "Calibration_complexity@10": 17598, "Calibration_complexity@100": 17634, "EILD@10": 17739, "EILD@100": 17739, "Fragmentation@10": 17739, "Fragmentation@100": 17739, "GiniCoeff@10": 17739, "GiniCoeff@100": 17739, "ILD@10": 17739, "ILD@100": 17739, "NDCG_score@10": 17739, "NDCG_score@100": 17739, "Representation@10": 17596, "Representation@100": 17733, "total_user_number": 19663}, "model_parameter": {"k": 400, "lambda_u": 10.0, "lambda_v": 1000.0}, "Re-Rank": {"F1@10": 0.010757648475090708, "NCRR@10": 0.012334962110186353, "NDCG@10": 0.014494628131266056, "Precision@10": 0.009983651840576964, "Recall@10": 0.018249650805380276, "Activation@10": 0.2811870727173197, "AltVoices_mainstream@10": 0.08200127978415626, "Calibration_category@10": 0.5817544897054377, "Calibration_complexity@10": 0.37145877744585, "EILD@10": 0.8521798507655125, "Fragmentation@10": 0.8507634421439898, "GiniCoeff@10": 0.7527354980551331, "ILD@10": 0.8824836674996746, "NDCG_score@10": 0.04309181040205939, "Representation@10": 0.6135318876825306, "Re-rank Time (s)": 2058.574398756027, "rerank_parameter": {"rerank": 10, "k": 50, "lambda_constant": 0, "diversity_objective": "ILD"}}}}