{"CTR": {"metric_avg_results": {"MAE": 0.41274303830280235, "MSE": 0.41266902651820386, "RMSE": 0.5772053834960825, "AUC": 0.7194766306946727, "F1@10": 0.0011636715369340157, "F1@100": 0.0022273144261653033, "MAP": 0.0023003699441787708, "MRR": 0.007187620106774419, "NCRR@10": 0.001443439162040158, "NCRR@100": 0.002451050797736627, "NDCG@10": 0.0016454972184456853, "NDCG@100": 0.0072143149758417, "Precision@10": 0.0010654490106544903, "Precision@100": 0.0012379502790461948, "Recall@10": 0.001997926530178723, "Recall@100": 0.020706836949195437, "Activation@10": 0.5177991190975568, "Activation@100": 0.2638735344097716, "AltVoices_mainstream@10": 0.16813540986644313, "AltVoices_mainstream@100": 0.09097014981798109, "Calibration_category@10": 0.6283085343021412, "Calibration_category@100": 0.5457051232077988, "Calibration_complexity@10": 0.5394790090499096, "Calibration_complexity@100": 0.3150382627337817, "EILD@10": 0.5403590618602593, "EILD@100": 0.5303556736676079, "Fragmentation@10": 0.7052752511032974, "Fragmentation@100": 0.7051338130596065, "GiniCoeff@10": 0.9160388127853806, "GiniCoeff@100": 0.8643201420598703, "ILD@10": 0.5457817364125487, "ILD@100": 0.555227032145689, "NDCG_score@10": 0.0049975720253372154, "NDCG_score@100": 0.022073311760440396, "Representation@10": 0.7010125265242622, "Representation@100": 0.5886323189074809, "Train (s)": 7304.374634504318, "Test (s)": 7803.833563089371}, "user_info": {"Activation@10": 17739, "Activation@100": 17739, "AltVoices_mainstream@10": 17566, "AltVoices_mainstream@100": 17739, "Calibration_category@10": 17670, "Calibration_category@100": 17670, "Calibration_complexity@10": 10032, "Calibration_complexity@100": 17625, "EILD@10": 17739, "EILD@100": 17739, "Fragmentation@10": 17739, "Fragmentation@100": 17739, "GiniCoeff@10": 17739, "GiniCoeff@100": 17739, "ILD@10": 17739, "ILD@100": 17739, "NDCG_score@10": 17739, "NDCG_score@100": 17739, "Representation@10": 5095, "Representation@100": 15370, "total_user_number": 19663}, "model_parameter": {"k": 400, "lambda_u": 1000.0, "lambda_v": 1000.0}, "Re-Rank": {"F1@10": 0.001306132262980259, "NCRR@10": 0.0016408729829624992, "NDCG@10": 0.0017976250220488688, "Precision@10": 0.0012063814194712232, "Recall@10": 0.00210516789821568, "Activation@10": 0.3807502822577289, "AltVoices_mainstream@10": 0.15128594947820884, "Calibration_category@10": 0.607280473734057, "Calibration_complexity@10": 0.4662310381697617, "EILD@10": 0.5386527490278797, "Fragmentation@10": 0.7449707517395558, "GiniCoeff@10": 0.9075476351541427, "ILD@10": 0.540367426448943, "NDCG_score@10": 0.005788375102680122, "Representation@10": 0.6736878281311521, "Re-rank Time (s)": 2058.423977613449, "rerank_parameter": {"rerank": 10, "k": 50, "lambda_constant": 0, "diversity_objective": "ILD"}}}}