{"CTR": {"metric_avg_results": {"MAE": 0.350945970632207, "MSE": 0.2785515077414873, "RMSE": 0.4782268707424514, "AUC": 0.8639825995628899, "F1@10": 0.007587667490607662, "F1@100": 0.017971108153970516, "MAP": 0.014524844531171822, "MRR": 0.03922768734531783, "NCRR@10": 0.009437804356604075, "NCRR@100": 0.018794153646940204, "NDCG@10": 0.011102714836807283, "NDCG@100": 0.06316394968569178, "Precision@10": 0.007198827442358496, "Precision@100": 0.009816224138902693, "Recall@10": 0.015719765399550174, "Recall@100": 0.19609669144571962, "Activation@10": 0.2957304916029549, "Activation@100": 0.09039933720503464, "AltVoices_mainstream@10": 0.11895978768123984, "AltVoices_mainstream@100": 0.10341436627406808, "Calibration_category@10": 0.3362841570465542, "Calibration_category@100": 0.35988100211362933, "Calibration_complexity@10": 0.2291400549343449, "Calibration_complexity@100": 0.22186261430371246, "EILD@10": 0.7579335581688542, "EILD@100": 0.644722921191801, "Fragmentation@10": 0.849861099609442, "Fragmentation@100": 0.6343676791046493, "GiniCoeff@10": 0.831377191498928, "GiniCoeff@100": 0.7142733525001445, "ILD@10": 0.7702263061302417, "ILD@100": 0.7842438819675472, "NDCG_score@10": 0.031550231223583636, "NDCG_score@100": 0.13212076370967696, "Representation@10": 0.6064964349209807, "Representation@100": 0.46740887033574147, "Train (s)": 5295.11629319191, "Test (s)": 6067.7266499996185}, "user_info": {"Activation@10": 17739, "Activation@100": 17739, "AltVoices_mainstream@10": 17739, "AltVoices_mainstream@100": 17739, "Calibration_category@10": 17670, "Calibration_category@100": 17670, "Calibration_complexity@10": 17634, "Calibration_complexity@100": 17634, "EILD@10": 17739, "EILD@100": 17739, "Fragmentation@10": 17739, "Fragmentation@100": 17739, "GiniCoeff@10": 17739, "GiniCoeff@100": 17739, "ILD@10": 17739, "ILD@100": 17739, "NDCG_score@10": 17739, "NDCG_score@100": 17739, "Representation@10": 16262, "Representation@100": 17738, "total_user_number": 19663}, "model_parameter": {"k": 400, "lambda_u": 1000.0, "lambda_v": 0.01}, "Re-Rank": {"F1@10": 0.012865919918476253, "NCRR@10": 0.014142736435733841, "NDCG@10": 0.016640595893378463, "Precision@10": 0.011252043519927485, "Recall@10": 0.0216897189801677, "Activation@10": 0.2967060476221075, "AltVoices_mainstream@10": 0.12358799450799382, "Calibration_category@10": 0.5194313346623347, "Calibration_complexity@10": 0.3551884667866631, "EILD@10": 0.7594927684426391, "Fragmentation@10": 0.8499022707213498, "GiniCoeff@10": 0.8231502621342486, "ILD@10": 0.780018916261084, "NDCG_score@10": 0.04815759993289017, "Representation@10": 0.6168258459199675, "Re-rank Time (s)": 1747.8367412090302, "rerank_parameter": {"rerank": 10, "k": 50, "lambda_constant": 0, "diversity_objective": "ILD"}}}}