{"HFT": {"metric_avg_results": {"MAE": 0.08600090232936053, "MSE": 0.04223691990024384, "RMSE": 0.15186912147161846, "AUC": 0.7757848207933377, "F1@10": 0.005957289384236564, "F1@100": 0.0019872046066378318, "MAP": 0.009609618903138318, "MRR": 0.03943226358109951, "NCRR@10": 0.01656810010170149, "NCRR@100": 0.016405687112595803, "NDCG@10": 0.014122240033630423, "NDCG@100": 0.01587383626494424, "Precision@10": 0.005293421275156381, "Precision@100": 0.001108856192570057, "Recall@10": 0.010695209168689759, "Recall@100": 0.019438380346420914, "Activation@10": 0.3201667955226965, "Activation@100": 0.09977454824670659, "AltVoices_mainstream@10": 0.129037305577946, "AltVoices_mainstream@100": 0.06821164334086252, "Calibration_category@10": 0.6877899086305997, "Calibration_category@100": 0.5715428165508536, "Calibration_complexity@10": 0.34199444962712, "Calibration_complexity@100": 0.27114182074921844, "EILD@10": 0.9312846884263308, "EILD@100": 0.9014132296790403, "Fragmentation@10": 0.3955451739366539, "Fragmentation@100": 0.42385736361560944, "GiniCoeff@10": 0.669682620215434, "GiniCoeff@100": 0.5083754016573633, "ILD@10": 0.9406505439990638, "ILD@100": 0.9066271600382895, "NDCG_score@10": 0.04060248873668566, "NDCG_score@100": 0.04897492387324749, "Representation@10": 0.542332467314147, "Representation@100": 0.49066998732266465, "Train (s)": 17473.572946548462, "Test (s)": 12031.24022769928}, "user_info": {"Activation@10": 17739, "Activation@100": 17739, "AltVoices_mainstream@10": 17739, "AltVoices_mainstream@100": 17739, "Calibration_category@10": 17670, "Calibration_category@100": 17670, "Calibration_complexity@10": 17634, "Calibration_complexity@100": 17634, "EILD@10": 17739, "EILD@100": 17739, "Fragmentation@10": 17739, "Fragmentation@100": 17739, "GiniCoeff@10": 17739, "GiniCoeff@100": 17739, "ILD@10": 17739, "ILD@100": 17739, "NDCG_score@10": 17739, "NDCG_score@100": 17739, "Representation@10": 17739, "Representation@100": 17739, "total_user_number": 19663}, "model_parameter": {"k": 400}, "Re-Rank": {"F1@10": 0.0006290855224616595, "NCRR@10": 0.0006683173673945567, "NDCG@10": 0.0008018886216693095, "Precision@10": 0.0006482890805569635, "Recall@10": 0.000958288307877102, "Activation@10": 0.2947727471159697, "AltVoices_mainstream@10": 0.09448951009634472, "Calibration_category@10": 0.6782406166548703, "Calibration_complexity@10": 0.3842064728553322, "EILD@10": 0.9037269199242389, "Fragmentation@10": 0.8087789900269259, "GiniCoeff@10": 0.7249788601387106, "ILD@10": 0.9053072013328473, "NDCG_score@10": 0.002803541616602618, "Representation@10": 0.6503812802921933, "Re-rank Time (s)": 2120.476613998413, "rerank_parameter": {"rerank": 10, "k": 50, "lambda_constant": 0, "diversity_objective": "ILD"}}}}