{"HFT": {"metric_avg_results": {"MAE": 0.08732848145776943, "MSE": 0.04256587276167954, "RMSE": 0.1533225398235688, "AUC": 0.7798943077877465, "F1@10": 0.0031107600130349912, "F1@100": 0.0017907067080026517, "MAP": 0.003299985561189614, "MRR": 0.009882279430656796, "NCRR@10": 0.0029538976367901207, "NCRR@100": 0.003443164895059772, "NDCG@10": 0.003912505993640824, "NDCG@100": 0.0069884970644901135, "Precision@10": 0.0028017362872766465, "Precision@100": 0.0010051299396809281, "Recall@10": 0.005565775641576509, "Recall@100": 0.016592888159528724, "Activation@10": 0.31144376657952194, "Activation@100": 0.11118703611877086, "AltVoices_mainstream@10": 0.019708907147326732, "AltVoices_mainstream@100": 0.04004402880308431, "Calibration_category@10": 0.7140224894833647, "Calibration_category@100": 0.5901253103187454, "Calibration_complexity@10": 0.38397063476850996, "Calibration_complexity@100": 0.28875350993766086, "EILD@10": 0.9197081603402949, "EILD@100": 0.8865486063899193, "Fragmentation@10": 0.35339139559142674, "Fragmentation@100": 0.32504894011445246, "GiniCoeff@10": 0.7008512317493414, "GiniCoeff@100": 0.5113511190033276, "ILD@10": 0.9289763296188016, "ILD@100": 0.9061484226104577, "NDCG_score@10": 0.011687226289224143, "NDCG_score@100": 0.022940282119284255, "Representation@10": 0.6736175257515674, "Representation@100": 0.521643439349043, "Train (s)": 45714.31895470619, "Test (s)": 31486.775663614273}, "user_info": {"Activation@10": 17739, "Activation@100": 17739, "AltVoices_mainstream@10": 17739, "AltVoices_mainstream@100": 17739, "Calibration_category@10": 17670, "Calibration_category@100": 17670, "Calibration_complexity@10": 17634, "Calibration_complexity@100": 17634, "EILD@10": 17739, "EILD@100": 17739, "Fragmentation@10": 17739, "Fragmentation@100": 17739, "GiniCoeff@10": 17739, "GiniCoeff@100": 17739, "ILD@10": 17739, "ILD@100": 17739, "NDCG_score@10": 17739, "NDCG_score@100": 17739, "Representation@10": 17739, "Representation@100": 17739, "total_user_number": 19663}, "model_parameter": {"k": 100}, "Re-Rank": {"F1@10": 0.0009044391917162525, "NCRR@10": 0.0010543254033420855, "NDCG@10": 0.0012074655019024454, "Precision@10": 0.0008906928237217408, "Recall@10": 0.0013531552485543455, "Activation@10": 0.3142766906526156, "AltVoices_mainstream@10": 0.10149330161420397, "Calibration_category@10": 0.6935824655371484, "Calibration_complexity@10": 0.40232394498472895, "EILD@10": 0.9086466979458258, "Fragmentation@10": 0.7794793950487, "GiniCoeff@10": 0.7160825018321532, "ILD@10": 0.910156528928665, "NDCG_score@10": 0.004002141097242924, "Representation@10": 0.7280920484065464, "Re-rank Time (s)": 6288.2765991687775, "rerank_parameter": {"rerank": 10, "k": 50, "lambda_constant": 0, "diversity_objective": "Calibration_category"}}}}