{"HFT": {"metric_avg_results": {"MAE": 0.0894956799825812, "MSE": 0.04265387295235487, "RMSE": 0.15457343574288362, "AUC": 0.7780843546592787, "F1@10": 0.0006187989019143959, "F1@100": 0.001377232031618317, "MAP": 0.00218126729378564, "MRR": 0.005048241632826969, "NCRR@10": 0.0008301755116915069, "NCRR@100": 0.001370031330270254, "NDCG@10": 0.0008942489778826515, "NDCG@100": 0.0041103569094190825, "Precision@10": 0.0006595636732623021, "Precision@100": 0.0007773831670330777, "Recall@10": 0.0008769791010484772, "Recall@100": 0.01199801920086437, "Activation@10": 0.31258124836615886, "Activation@100": 0.1239401175998133, "AltVoices_mainstream@10": 0.017218649471925414, "AltVoices_mainstream@100": 0.037312273873586474, "Calibration_category@10": 0.6783118822246512, "Calibration_category@100": 0.5906429123200602, "Calibration_complexity@10": 0.38273459040585517, "Calibration_complexity@100": 0.28597580120240806, "EILD@10": 0.9446839764072944, "EILD@100": 0.8981380478110176, "Fragmentation@10": 0.17353374977929936, "Fragmentation@100": 0.15978159260183328, "GiniCoeff@10": 0.6455979762107245, "GiniCoeff@100": 0.5006361688933952, "ILD@10": 0.9526467106377876, "ILD@100": 0.9093861895350172, "NDCG_score@10": 0.0030515280012809766, "NDCG_score@100": 0.014721929424679427, "Representation@10": 0.6684037659107241, "Representation@100": 0.5151709457755953, "Train (s)": 21489.484623908997, "Test (s)": 18945.679927825928}, "user_info": {"Activation@10": 17739, "Activation@100": 17739, "AltVoices_mainstream@10": 17739, "AltVoices_mainstream@100": 17739, "Calibration_category@10": 17670, "Calibration_category@100": 17670, "Calibration_complexity@10": 17634, "Calibration_complexity@100": 17634, "EILD@10": 17739, "EILD@100": 17739, "Fragmentation@10": 17739, "Fragmentation@100": 17739, "GiniCoeff@10": 17739, "GiniCoeff@100": 17739, "ILD@10": 17739, "ILD@100": 17739, "NDCG_score@10": 17739, "NDCG_score@100": 17739, "Representation@10": 17739, "Representation@100": 17739, "total_user_number": 19663}, "model_parameter": {"k": 10}, "Re-Rank": {"F1@10": 0.000994300024644677, "NCRR@10": 0.0011823399044637113, "NDCG@10": 0.0013274698147831365, "Precision@10": 0.0010372625288911435, "Recall@10": 0.0013853009616537734, "Activation@10": 0.32406353712314867, "AltVoices_mainstream@10": 0.06548170551882884, "Calibration_category@10": 0.6494058184072223, "Calibration_complexity@10": 0.40946186174815163, "EILD@10": 0.9182965889656473, "Fragmentation@10": 0.7744650437572786, "GiniCoeff@10": 0.6998950053555006, "ILD@10": 0.9246932371233741, "NDCG_score@10": 0.004683503353792271, "Representation@10": 0.8986089530429151, "Re-rank Time (s)": 1621.0097987651825, "rerank_parameter": {"rerank": 10, "k": 50, "lambda_constant": 0, "diversity_objective": "ILD"}}}}