{"HFT": {"metric_avg_results": {"MAE": 0.08669893625538952, "MSE": 0.04254731675470373, "RMSE": 0.1527328855007501, "AUC": 0.7798104081726706, "F1@10": 0.006040821092588237, "F1@100": 0.002206307084144882, "MAP": 0.009646649092042556, "MRR": 0.03906672633792267, "NCRR@10": 0.016321008342843134, "NCRR@100": 0.016227515084167397, "NDCG@10": 0.01404650864516693, "NDCG@100": 0.016272970569258215, "Precision@10": 0.005372343424093746, "Precision@100": 0.0012328767123287966, "Recall@10": 0.010883689622456021, "Recall@100": 0.021241288838440533, "Activation@10": 0.3138444885461443, "Activation@100": 0.10231390006651267, "AltVoices_mainstream@10": 0.06672116447344137, "AltVoices_mainstream@100": 0.04719031835120694, "Calibration_category@10": 0.7330180322441121, "Calibration_category@100": 0.5890594229516276, "Calibration_complexity@10": 0.32146486320594914, "Calibration_complexity@100": 0.28096640925826816, "EILD@10": 0.9315530912657042, "EILD@100": 0.8948341791919089, "Fragmentation@10": 0.3183459295556988, "Fragmentation@100": 0.3235850529371554, "GiniCoeff@10": 0.6787713512600503, "GiniCoeff@100": 0.5021461187214624, "ILD@10": 0.9389994425339316, "ILD@100": 0.9081235718137427, "NDCG_score@10": 0.040277092371115694, "NDCG_score@100": 0.04986850132672737, "Representation@10": 0.6649625948119489, "Representation@100": 0.509714987312988, "Train (s)": 45046.26751160622, "Test (s)": 63383.84971022606}, "user_info": {"Activation@10": 17739, "Activation@100": 17739, "AltVoices_mainstream@10": 17739, "AltVoices_mainstream@100": 17739, "Calibration_category@10": 17670, "Calibration_category@100": 17670, "Calibration_complexity@10": 17634, "Calibration_complexity@100": 17634, "EILD@10": 17739, "EILD@100": 17739, "Fragmentation@10": 17739, "Fragmentation@100": 17739, "GiniCoeff@10": 17739, "GiniCoeff@100": 17739, "ILD@10": 17739, "ILD@100": 17739, "NDCG_score@10": 17739, "NDCG_score@100": 17739, "Representation@10": 17739, "Representation@100": 17739, "total_user_number": 19663}, "model_parameter": {"k": 100}, "Re-Rank": {"F1@10": 0.000830396421968466, "NCRR@10": 0.0010441912594569278, "NDCG@10": 0.0011395914020737939, "Precision@10": 0.0008399571565477176, "Recall@10": 0.0012345135288374847, "Activation@10": 0.30898129675385505, "AltVoices_mainstream@10": 0.100822080009129, "Calibration_category@10": 0.6992496934296283, "Calibration_complexity@10": 0.3958144594660287, "EILD@10": 0.9101409696384132, "Fragmentation@10": 0.7914059925488258, "GiniCoeff@10": 0.7122794407802374, "ILD@10": 0.9118264213815878, "NDCG_score@10": 0.003888546217658719, "Representation@10": 0.7545829164662573, "Re-rank Time (s)": 14123.572746038437, "rerank_parameter": {"rerank": 10, "k": 50, "lambda_constant": 0, "diversity_objective": "ILD"}}}}