{"HFT": {"metric_avg_results": {"MAE": 0.08572783209247893, "MSE": 0.04216456440714264, "RMSE": 0.15140033773584258, "AUC": 0.7681115624950734, "F1@10": 0.0009219552732507261, "F1@100": 0.0014007442115557813, "MAP": 0.0019989853307435758, "MRR": 0.005170477494109345, "NCRR@10": 0.0007344118499351509, "NCRR@100": 0.0015447617472083017, "NDCG@10": 0.0010454529619409734, "NDCG@100": 0.004671979234203579, "Precision@10": 0.0008963301200744102, "Precision@100": 0.0007847116522915474, "Recall@10": 0.0015775538547163623, "Recall@100": 0.013228563569260913, "Activation@10": 0.3516906751393346, "Activation@100": 0.11349642235424533, "AltVoices_mainstream@10": 0.10050703605272425, "AltVoices_mainstream@100": 0.0923215703338244, "Calibration_category@10": 0.6479572133863636, "Calibration_category@100": 0.5607918979256404, "Calibration_complexity@10": 0.4380593621480537, "Calibration_complexity@100": 0.26336707720015745, "EILD@10": 0.9002353197926467, "EILD@100": 0.8867163241413577, "Fragmentation@10": 0.3540152386552417, "Fragmentation@100": 0.37824457343741863, "GiniCoeff@10": 0.7305492135971984, "GiniCoeff@100": 0.5307899261514165, "ILD@10": 0.9090253114604994, "ILD@100": 0.9009392077377931, "NDCG_score@10": 0.0033162451045553017, "NDCG_score@100": 0.015916196087334154, "Representation@10": 0.6010977465503059, "Representation@100": 0.46417550853625406, "Train (s)": 10251.3609623909, "Test (s)": 8907.748886585236}, "user_info": {"Activation@10": 17739, "Activation@100": 17739, "AltVoices_mainstream@10": 17739, "AltVoices_mainstream@100": 17739, "Calibration_category@10": 17670, "Calibration_category@100": 17670, "Calibration_complexity@10": 17634, "Calibration_complexity@100": 17634, "EILD@10": 17739, "EILD@100": 17739, "Fragmentation@10": 17739, "Fragmentation@100": 17739, "GiniCoeff@10": 17739, "GiniCoeff@100": 17739, "ILD@10": 17739, "ILD@100": 17739, "NDCG_score@10": 17739, "NDCG_score@100": 17739, "Representation@10": 17739, "Representation@100": 17739, "total_user_number": 19663}, "model_parameter": {"k": 300}, "Re-Rank": {"F1@10": 0.0005936534530384292, "NCRR@10": 0.0007079317734335331, "NDCG@10": 0.0008156400108038352, "Precision@10": 0.0005806415243249326, "Recall@10": 0.0009815142219566425, "Activation@10": 0.30097925505438683, "AltVoices_mainstream@10": 0.10442115157693638, "Calibration_category@10": 0.6714544749416356, "Calibration_complexity@10": 0.3721711201523322, "EILD@10": 0.8957460501820379, "Fragmentation@10": 0.8060332002918166, "GiniCoeff@10": 0.7363309656688836, "ILD@10": 0.8970065956366761, "NDCG_score@10": 0.0026436705754173608, "Representation@10": 0.6169643170357328, "Re-rank Time (s)": 2141.710280418396, "rerank_parameter": {"rerank": 10, "k": 50, "lambda_constant": 0, "diversity_objective": "ILD"}}}}