{"HFT": {"metric_avg_results": {"MAE": 0.08889216712775008, "MSE": 0.042644235717174184, "RMSE": 0.15449861333536147, "AUC": 0.7803547923567452, "F1@10": 0.0007087581248876323, "F1@100": 0.0014472104645130057, "MAP": 0.0023165437713107005, "MRR": 0.005394339515530933, "NCRR@10": 0.0008896088179758249, "NCRR@100": 0.00146169977750616, "NDCG@10": 0.0009839650670332137, "NDCG@100": 0.004361742450469041, "Precision@10": 0.0007497604149050099, "Precision@100": 0.0008168442415017616, "Recall@10": 0.0010222525839753826, "Recall@100": 0.012799703392289077, "Activation@10": 0.29922164133861456, "Activation@100": 0.11717456824583306, "AltVoices_mainstream@10": 0.027528979889693345, "AltVoices_mainstream@100": 0.038883937939555004, "Calibration_category@10": 0.7016887257623234, "Calibration_category@100": 0.588717841129363, "Calibration_complexity@10": 0.3775667603833845, "Calibration_complexity@100": 0.29382530606011253, "EILD@10": 0.919546018052268, "EILD@100": 0.8884115277500614, "Fragmentation@10": 0.4054636751984428, "Fragmentation@100": 0.36476979249707364, "GiniCoeff@10": 0.7007476464288638, "GiniCoeff@100": 0.5188653531766152, "ILD@10": 0.9282484920230635, "ILD@100": 0.9036622724226306, "NDCG_score@10": 0.003316520450113015, "NDCG_score@100": 0.015428626728705108, "Representation@10": 0.6361083704719478, "Representation@100": 0.5357585951549239, "Train (s)": 6946.341205120087, "Test (s)": 7154.173344135284}, "user_info": {"Activation@10": 17739, "Activation@100": 17739, "AltVoices_mainstream@10": 17739, "AltVoices_mainstream@100": 17739, "Calibration_category@10": 17670, "Calibration_category@100": 17670, "Calibration_complexity@10": 17634, "Calibration_complexity@100": 17634, "EILD@10": 17739, "EILD@100": 17739, "Fragmentation@10": 17739, "Fragmentation@100": 17739, "GiniCoeff@10": 17739, "GiniCoeff@100": 17739, "ILD@10": 17739, "ILD@100": 17739, "NDCG_score@10": 17739, "NDCG_score@100": 17739, "Representation@10": 17736, "Representation@100": 17739, "total_user_number": 19663}, "model_parameter": {"k": 200}, "Re-Rank": {"F1@10": 0.00084409187834098, "NCRR@10": 0.00094478295758191, "NDCG@10": 0.0011340466574328893, "Precision@10": 0.0008343198601950484, "Recall@10": 0.001446700113423861, "Activation@10": 0.3081075912561297, "AltVoices_mainstream@10": 0.097375325024522, "Calibration_category@10": 0.6941012425813406, "Calibration_complexity@10": 0.40121069388258734, "EILD@10": 0.9046961662728742, "Fragmentation@10": 0.7836433463321311, "GiniCoeff@10": 0.721456959242376, "ILD@10": 0.9066000212963929, "NDCG_score@10": 0.0037058510538660852, "Representation@10": 0.6766536563187906, "Re-rank Time (s)": 2021.6190068721771, "rerank_parameter": {"rerank": 10, "k": 50, "lambda_constant": 0, "diversity_objective": "ILD"}}}}