{"DAE": {"metric_avg_results": {"MAE": 0.65219922985142, "MSE": 0.6446294883813825, "RMSE": 0.7663052403476447, "AUC": 0.9242450702764082, "F1@10": 0.01893963283765702, "F1@100": 0.015028566742091838, "MAP": 0.024393848538535302, "MRR": 0.057339201953168176, "NCRR@10": 0.023633513307268563, "NCRR@100": 0.031529162796769136, "NDCG@10": 0.03005137429233207, "NDCG@100": 0.0709180852857218, "Precision@10": 0.014578048368002194, "Precision@100": 0.008200575004228126, "Recall@10": 0.04620600830574771, "Recall@100": 0.19140074127214907, "Activation@10": 0.32354481312052535, "Activation@100": 0.0837962907252779, "AltVoices_mainstream@10": 0.09944367941825516, "AltVoices_mainstream@100": 0.08181174061580317, "Calibration_category@10": 0.6233622035065686, "Calibration_category@100": 0.49925357271243814, "Calibration_complexity@10": 0.3745676253804083, "Calibration_complexity@100": 0.2603668175128956, "EILD@10": 0.8248801172672449, "EILD@100": 0.7316615410459947, "Fragmentation@10": 0.7138789875361163, "Fragmentation@100": 0.5778225274319634, "GiniCoeff@10": 0.7586574778736456, "GiniCoeff@100": 0.6105361068831419, "ILD@10": 0.8566535756117737, "ILD@100": 0.8457016526389229, "NDCG_score@10": 0.06575363983161585, "NDCG_score@100": 0.13860449542938977, "Representation@10": 0.5870652946392395, "Representation@100": 0.4534408122428469, "Train (s)": 1920.6511492729187, "Test (s)": 10059.38425040245}, "user_info": {"Activation@10": 17739, "Activation@100": 17739, "AltVoices_mainstream@10": 17739, "AltVoices_mainstream@100": 17739, "Calibration_category@10": 17670, "Calibration_category@100": 17670, "Calibration_complexity@10": 17634, "Calibration_complexity@100": 17634, "EILD@10": 17739, "EILD@100": 17739, "Fragmentation@10": 17739, "Fragmentation@100": 17739, "GiniCoeff@10": 17739, "GiniCoeff@100": 17739, "ILD@10": 17739, "ILD@100": 17739, "NDCG_score@10": 17739, "NDCG_score@100": 17739, "Representation@10": 17145, "Representation@100": 17739, "total_user_number": 19663}, "model_parameter": {"qk_dims": "20"}, "Re-Rank": {"F1@10": 0.04859851930191905, "NCRR@10": 0.1875205797426118, "NDCG@10": 0.15611199716654284, "Precision@10": 0.03837871356897686, "Recall@10": 0.11197789922139478, "Activation@10": 0.30635064107531, "AltVoices_mainstream@10": 0.10246996090840507, "Calibration_category@10": 0.6166501828963254, "Calibration_complexity@10": 0.37071447245548445, "EILD@10": 0.7696952252116083, "Fragmentation@10": 0.7579502213522327, "GiniCoeff@10": 0.7698848582219932, "ILD@10": 0.8483892991587625, "NDCG_score@10": 0.3639170386885443, "Representation@10": 0.5949236545005055, "Re-rank Time (s)": 2002.3744714260101, "rerank_parameter": {"rerank": 10, "k": 50, "lambda_constant": 0.5, "diversity_objective": "NDCG_score"}}}}