{"DAE": {"metric_avg_results": {"MAE": 0.6532734360685086, "MSE": 0.6456093394400159, "RMSE": 0.7671450809804534, "AUC": 0.9243661871562912, "F1@10": 0.019375422987514858, "F1@100": 0.014844311156743764, "MAP": 0.02638691217276912, "MRR": 0.061160120795663894, "NCRR@10": 0.026458450983873397, "NCRR@100": 0.034076795110044744, "NDCG@10": 0.03249230489310475, "NDCG@100": 0.07212537179091147, "Precision@10": 0.014797902925756336, "Precision@100": 0.008104740966232836, "Recall@10": 0.048116171634882694, "Recall@100": 0.1888382382368945, "Activation@10": 0.32252088431119313, "Activation@100": 0.08670295083152506, "AltVoices_mainstream@10": 0.09743523330464864, "AltVoices_mainstream@100": 0.081453870658613, "Calibration_category@10": 0.6248570262107164, "Calibration_category@100": 0.5000187705127945, "Calibration_complexity@10": 0.37456351350731704, "Calibration_complexity@100": 0.2604002226896759, "EILD@10": 0.8241181525955925, "EILD@100": 0.7328354538999646, "Fragmentation@10": 0.7117114370985644, "Fragmentation@100": 0.5740094830102397, "GiniCoeff@10": 0.7598990923953133, "GiniCoeff@100": 0.6076708100794863, "ILD@10": 0.8562276465540128, "ILD@100": 0.8479698729216809, "NDCG_score@10": 0.06704790148999881, "NDCG_score@100": 0.13910547187714736, "Representation@10": 0.5807877709679171, "Representation@100": 0.45311279529078546, "Train (s)": 160.89768648147583, "Test (s)": 8980.29103565216}, "user_info": {"Activation@10": 17739, "Activation@100": 17739, "AltVoices_mainstream@10": 17739, "AltVoices_mainstream@100": 17739, "Calibration_category@10": 17670, "Calibration_category@100": 17670, "Calibration_complexity@10": 17634, "Calibration_complexity@100": 17634, "EILD@10": 17739, "EILD@100": 17739, "Fragmentation@10": 17739, "Fragmentation@100": 17739, "GiniCoeff@10": 17739, "GiniCoeff@100": 17739, "ILD@10": 17739, "ILD@100": 17739, "NDCG_score@10": 17739, "NDCG_score@100": 17739, "Representation@10": 17107, "Representation@100": 17739, "total_user_number": 19663}, "model_parameter": {"qk_dims": "20"}, "Re-Rank": {"F1@10": 0.01125287350374176, "NCRR@10": 0.010706511273766347, "NDCG@10": 0.014618584890251403, "Precision@10": 0.009324088167314696, "Recall@10": 0.02364789742472123, "Activation@10": 0.6584263994754728, "AltVoices_mainstream@10": 0.12519316904480998, "Calibration_category@10": 0.6157885389607467, "Calibration_complexity@10": 0.4320686860866978, "EILD@10": 0.8210532107603442, "Fragmentation@10": 0.7576104104794242, "GiniCoeff@10": 0.7691992220531026, "ILD@10": 0.8415481268516921, "NDCG_score@10": 0.03693258662912356, "Representation@10": 0.6146956906312999, "Re-rank Time (s)": 130444.2318303585, "rerank_parameter": {"rerank": 10, "k": 50, "lambda_constant": 0, "diversity_objective": "Activation"}}}}